АБДОМИНОПЛАСТИКА	["144594-N", "5390-N", "113873-N"]	['КОСМЕТИЧЕСКАЯ ОПЕРАЦИЯ', 'ХИРУРГИЧЕСКАЯ ОПЕРАЦИЯ', 'ПЛАСТИЧЕСКАЯ ОПЕРАЦИЯ']
АБСОРБЕНТ	["820-N", "147134-N"]	['ВЕЩЕСТВО', 'ФИЗИЧЕСКАЯ СУЩНОСТЬ']
АВАЛЬ	["9063-N", "116527-N", "150684-N"]	['ПОРУЧИТЕЛЬСТВО', 'РУЧАТЕЛЬСТВО', 'ГАРАНТИЯ ОСУЩЕСТВЛЕНИЯ']
АВАЛЬ	["107542-N", "2966-N"]	['НАДПИСЬ (КОРОТКИЙ ТЕКСТ)', 'ТЕКСТ']
АВТАРКИЯ	["601-N", "833-N", "137766-N", "133994-N"]	['ГОСУДАРСТВЕННАЯ ПОЛИТИКА', 'ЭКОНОМИЧЕСКАЯ ПОЛИТИКА', 'ВНУТРЕННЯЯ ПОЛИТИКА', 'ПОЛИТИКА (НАПРАВЛЕНИЕ ДЕЯТЕЛЬНОСТИ)']
АВТАРКИЯ	["119136-N"]	['САМОСТОЯТЕЛЬНОСТЬ, НЕЗАВИСИМОСТЬ']
АГНОСТИК	["107524-N", "130993-N", "153097-N", "2149-N"]	['ПОСЛЕДОВАТЕЛЬ', 'ЕДИНОМЫШЛЕННИК', 'ЧЕЛОВЕК ПО ВЗГЛЯДАМ', 'ЧЕЛОВЕК']
АДЖИКА	["107911-N", "368-N"]	['ПРИПРАВА', 'ПРОДУКТЫ ПИТАНИЯ']
АДЪЮНКТУРА	["130011-N", "1384-N"]	['ПОСЛЕВУЗОВСКОЕ ОБРАЗОВАНИЕ', 'АСПИРАНТУРА']
АЙПАД	["151577-N", "149539-N"]	['ПЛАНШЕТНЫЙ КОМПЬЮТЕР', 'МОБИЛЬНЫЙ КОМПЬЮТЕР']
АКВАБАЙК	["4187-N", "4420-N", "6921-N"]	['МОТОЦИКЛ', 'ИНДИВИДУАЛЬНЫЙ ТРАНСПОРТ', 'МОТОТРАНСПОРТНОЕ СРЕДСТВО']
АКВЕДУК	["3639-N"]	['ИНЖЕНЕРНОЕ СООРУЖЕНИЕ']
АКВЕДУК	["4161-N", "4160-N"]	['ДОРОЖНОЕ СООРУЖЕНИЕ', 'МОСТ']
АКВЕДУК	["6489-N"]	['ВОДОХОЗЯЙСТВЕННОЕ СООРУЖЕНИЕ']
АКСЕЛЬБАНТ	["116413-N", "143489-N"]	['ШНУР (ВЕРЕВКА)', 'КАНАТНО-ВЕРЕВОЧНЫЕ ИЗДЕЛИЯ']
АКСЕЛЬБАНТ	["108815-N"]	['ТЕСЬМА']
АКСЕЛЬБАНТ	["116800-N"]	['НАШИВКА НА ОДЕЖДЕ']
АКТИРОВАНИЕ	["106999-N", "106868-N"]	['УДОСТОВЕРЯТЬ', 'СВИДЕТЕЛЬСТВОВАТЬ, СЛУЖИТЬ СВИДЕТЕЛЬСТВОМ']
АКТИРОВАНИЕ	["107009-N", "107668-N"]	['ПИСАТЬ, СОЧИНЯТЬ ТЕКСТ', 'СОЧИНИТЬ ПРОИЗВЕДЕНИЕ']
АЛАВИТ	["124312-N", "4546-N"]	['ШИИТ', 'МУСУЛЬМАНИН']
АЛЕКСАНДРИТ	["3417-N", "144866-N", "103-N", "128017-N"]	['МИНЕРАЛ', 'ДРАГОЦЕННЫЕ МЕТАЛЛЫ И КАМНИ', 'ДРАГОЦЕННЫЙ КАМЕНЬ', 'СОКРОВИЩА']
АЛЬПИНИАДА	["7158-N", "124971-N"]	['МАССОВАЯ АКЦИЯ', 'АКЦИЯ (ДЕЙСТВИЕ)']
АЛЬПИНИАДА	["117484-N", "148955-N", "148956-N"]	['ВЗОЙТИ, ПОДНЯТЬСЯ ПЕШКОМ', 'ПОКОРИТЬ (ОСВОИТЬ)', 'ПОКОРЕНИЕ ГОРНОЙ ВЕРШИНЫ']
АМЕРИКАНИЗАЦИЯ	["129365-N", "106629-N"]	['ПРИБЛИЗИТЬСЯ, УПОДОБИТЬСЯ', 'ИЗМЕНИТЬСЯ, ИЗМЕНЕНИЕ']
АМФОРА	["107038-N", "107039-N"]	['ВМЕСТИЛИЩЕ', 'СОСУД (ВМЕСТИЛИЩЕ)']
АНГИДРИД	["820-N", "108760-N"]	['ВЕЩЕСТВО', 'ХИМИЧЕСКОЕ СОЕДИНЕНИЕ']
АНГЛИЦИЗМ	["3264-N", "125823-N"]	['СЛОВО ЯЗЫКА', 'ЗАИМСТВОВАННОЕ СЛОВО']
АНДЕРРАЙТЕР	["121156-N", "142757-N", "4678-N"]	['АГЕНТ (ПРЕДСТАВИТЕЛЬ)', 'ФИНАНСОВЫЙ ПОСРЕДНИК', 'ФИНАНСОВЫЙ БРОКЕР']
АНЕСТЕТИК	["1068-N", "6514-N", "147742-N", "1067-N"]	['МЕДИЦИНСКАЯ ПРОДУКЦИЯ', 'ЛЕЧЕБНОЕ СРЕДСТВО', 'АПТЕЧНАЯ ПРОДУКЦИЯ', 'МЕДИКАМЕНТ']
АНИСОВКА	["113584-N", "108336-N", "548-N", "108368-N"]	['НАСТОЙКА (АЛКОГОЛЬНЫЙ НАПИТОК)', 'КРЕПКИЙ АЛКОГОЛЬНЫЙ НАПИТОК', 'АЛКОГОЛЬНЫЙ НАПИТОК', 'ВОДКА']
АНИСОВКА	["154384-N", "144185-N", "354-N"]	['СЕМЕЧКОВЫЙ ПЛОД', 'ЯБЛОКО', 'ФРУКТ']
АНТИГЕН	["147757-N", "1048-N"]	['ДЕЙСТВУЮЩИЙ АГЕНТ', 'БИОЛОГИЧЕСКИЙ АГЕНТ']
АНТИПЕРСПИРАНТ	["109170-N", "1254-N"]	['КОСМЕТИЧЕСКОЕ СРЕДСТВО', 'ПАРФЮМЕРНО-КОСМЕТИЧЕСКИЕ ТОВАРЫ']
АНТИТЕЗА	["125060-N", "106454-N", "125058-N"]	['ЛОГИЧЕСКОЕ СУЖДЕНИЕ', 'ПОЛОЖЕНИЕ, ТЕЗИС', 'ЛОГИЧЕСКИЙ ТЕЗИС']
АНФИЛАДА	["106584-N", "106583-N"]	['РАСПОЛОЖЕНИЕ, ПОРЯДОК РАЗМЕЩЕНИЯ', 'ЛИНИЯ, РЯД']
АПИТЕРАПИЯ	["7529-N", "7783-N"]	['МЕТОД ЛЕЧЕНИЯ', 'НЕТРАДИЦИОННЫЕ МЕТОДЫ ЛЕЧЕНИЯ']
АПОЛОГЕТИКА	["121515-N", "115405-N", "1395-N"]	['КОНЦЕПЦИЯ, ДОКТРИНА', 'БОГОСЛОВИЕ', 'ФИЛОСОФСКИЕ НАУКИ']
АППЕРКОТ	["107404-N", "111963-N"]	['УДАРИТЬ, НАНЕСТИ УДАР', 'КАСАТЬСЯ, ДОТРАГИВАТЬСЯ']
АРАБЕСКА	["107988-N", "107987-N", "107608-N"]	['ОРНАМЕНТ', 'УЗОР', 'УКРАШЕНИЕ (ПРЕДМЕТ)']
АРГО	["126139-N", "148133-N"]	['ЖАРГОН', 'ЕСТЕСТВЕННЫЙ ЯЗЫК']
АРТИКЛЬ	["110592-N", "110594-N"]	['ЧАСТЬ РЕЧИ', 'СЛУЖЕБНЫЕ ЧАСТИ РЕЧИ']
АРТСКВАЖИНА	["107-N", "107087-N"]	['СКВАЖИНА В ГРУНТЕ', 'ОТВЕРСТИЕ']
АРХЕОГРАФ	["21-N", "130749-N", "9223-N"]	['НАУЧНЫЙ РАБОТНИК', 'ГУМАНИТАРИЙ (СПЕЦИАЛИСТ)', 'ИСТОРИК']
АСКАРИДА	["124017-N", "107787-N", "121981-N"]	['ГЕЛЬМИНТ', 'ЧЕРВЬ (БЕСКОСТНОЕ ЖИВОТНОЕ)', 'ПАРАЗИТ, ПАРАЗИТАРНЫЙ ОРГАНИЗМ']
АССЕНИЗАТОР	["2550-N", "129158-N"]	['РАБОТНИК', 'РАБОТНИК КОММУНАЛЬНОГО ХОЗЯЙСТВА']
АТМОСФЕРНИК	["4694-N", "2100-N"]	['ДВИГАТЕЛЬ ВНУТРЕННЕГО СГОРАНИЯ', 'ДВИГАТЕЛЬ']
АУКЦИОНЕР	["138167-N", "106857-N"]	['СУБЪЕКТ ДЕЯТЕЛЬНОСТИ', 'УЧАСТНИК']
АУТСТАФФИНГ	["888-N", "133994-N"]	['КАДРОВАЯ ПОЛИТИКА', 'ПОЛИТИКА (НАПРАВЛЕНИЕ ДЕЯТЕЛЬНОСТИ)']
АФРИКАНИСТИКА	["8716-N", "111514-N", "111355-N"]	['ФИЛОЛОГИЯ', 'СТРАНОВЕДЕНИЕ', 'ГУМАНИТАРНЫЕ НАУКИ']
АЦЕТИЛЕН	["108760-N", "121731-N"]	['ХИМИЧЕСКОЕ СОЕДИНЕНИЕ', 'ВОДОРОДНОЕ СОЕДИНЕНИЕ']
АЦЕТИЛЕН	["6232-N", "56-N"]	['ХИМИЧЕСКАЯ ПРОДУКЦИЯ', 'ПРОМЫШЛЕННАЯ ПРОДУКЦИЯ']
АЦЕТИЛЕН	["461-N"]	['ГАЗООБРАЗНОЕ ВЕЩЕСТВО']
БАГУЛЬНИК	["144172-N", "4339-N", "121680-N"]	['РАСТЕНИЕ', 'КУСТАРНИК', 'ВЕЧНОЗЕЛЕНОЕ РАСТЕНИЕ']
БАЗИЛИК	["4681-N", "5735-N", "107911-N", "370-N"]	['ПЛОДООВОЩНАЯ ПРОДУКЦИЯ', 'ПРЯНОСТЬ', 'ПРИПРАВА', 'ПИЩЕВКУСОВЫЕ ПРОДУКТЫ']
БАЗИЛИК	["144172-N", "4339-N"]	['РАСТЕНИЕ', 'КУСТАРНИК']
БАКАЛАВРИАТ	["132529-N", "764-N", "1609-N"]	['ОРГАНИЗАЦИЯ, ВЫПОЛНЯЮЩАЯ ИССЛЕДОВАНИЯ И РАЗРАБОТКИ', 'ВЫСШЕЕ УЧЕБНОЕ ЗАВЕДЕНИЕ', 'ПРОФЕССИОНАЛЬНОЕ УЧЕБНОЕ ЗАВЕДЕНИЕ']
БАКЛАЖКА	["107038-N", "107039-N"]	['ВМЕСТИЛИЩЕ', 'СОСУД (ВМЕСТИЛИЩЕ)']
БАЛАЛАЕЧНИК	["1413-N", "1431-N", "6499-N"]	['АРТИСТ', 'МУЗЫКАНТ', 'МУЗЫКАНТ-ИСПОЛНИТЕЛЬ']
БАЛЬЗАМИН	["965-N", "144172-N", "4789-N"]	['ЦВЕТКОВОЕ РАСТЕНИЕ', 'РАСТЕНИЕ', 'ТРАВЯНИСТОЕ РАСТЕНИЕ']
БАНДЖО	["1450-N", "1449-N", "107996-N"]	['НАРОДНЫЙ ИНСТРУМЕНТ', 'МУЗЫКАЛЬНЫЙ ИНСТРУМЕНТ', 'СТРУННЫЙ МУЗЫКАЛЬНЫЙ ИНСТРУМЕНТ']
БАОБАБ	["144172-N", "124052-N", "988-N"]	['РАСТЕНИЕ', 'ТРОПИЧЕСКОЕ РАСТЕНИЕ', 'ДРЕВЕСНОЕ РАСТЕНИЕ']
БАРВИНОК	["965-N"]	['ЦВЕТКОВОЕ РАСТЕНИЕ']
БАРВИНОК	["6862-N", "4789-N"]	['МНОГОЛЕТНИЕ ТРАВЫ', 'ТРАВЯНИСТОЕ РАСТЕНИЕ']
БАРВИНОК	["6883-N"]	['ДЕКОРАТИВНАЯ КУЛЬТУРА']
БАРОНЕТ	["110641-N", "2149-N"]	['ДВОРЯНИН', 'ЧЕЛОВЕК']
БАРОНЕТ	["3057-N", "110604-N"]	['ЗВАНИЕ', 'ДВОРЯНСКИЙ ТИТУЛ']
БАРСЕТОЧНИК	["639-N", "8153-N", "115323-N"]	['ПРЕСТУПНИК', 'ВОР', 'ПОХИТИТЕЛЬ']
БАРЬЕРИСТ	["112464-N", "111203-N"]	['ЛЕГКОАТЛЕТ', 'БЕГУН']
БАТАЛИСТ	["113185-N", "1416-N"]	['ХУДОЖНИК (АВТОР ИЗОБРАЗИТЕЛЬНОГО ПРОИЗВЕДЕНИЯ)', 'ЖИВОПИСЕЦ']
БАТТЕРФЛЯЙ	["9817-N", "106552-N"]	['СПОСОБ ПЛАВАНИЯ', 'СПОСОБ, СРЕДСТВО']
БАШЛЫК	["3510-N", "133133-N", "112224-N", "1256-N"]	['ГОЛОВНОЙ УБОР', 'ДЕТАЛЬ ОДЕЖДЫ', 'КАПЮШОН (ЧАСТЬ ОДЕЖДЫ)', 'ОДЕЖДА']
БЕГУНОК	["2966-N", "2428-N"]	['ТЕКСТ', 'ДОКУМЕНТ']
БЕГУНОК	["111708-N", "111709-N"]	['ЛИСТ БУМАГИ', 'БЛАНК']
БЕЙКА	["108802-N", "121456-N"]	['ПОЛОСКА ТКАНИ', 'ОБШИВКА (ПОЛОСКА ТКАНИ)']
БЕЛЕНА	["140266-N"]	['ЯДОВИТОЕ РАСТЕНИЕ']
БЕЛЕНА	["4789-N", "4201-N"]	['ТРАВЯНИСТОЕ РАСТЕНИЕ', 'СОРНОЕ РАСТЕНИЕ']
БЕЛЛЕТРИСТ	["2720-N", "8848-N", "1578-N"]	['АВТОР', 'ДЕЯТЕЛЬ ИСКУССТВА', 'ПИСАТЕЛЬ']
БЕЛОЭМИГРАНТ	["9389-N", "2790-N"]	['ПОЛИТИЧЕСКИЙ БЕЖЕНЕЦ', 'ЭМИГРАНТ']
БЕЛЬЧОНОК	["5669-N", "4593-N", "4971-N"]	['ГРЫЗУН', 'ПУШНОЙ ЗВЕРЬ', 'БЕЛКА']
БЕЛЬЧОНОК	["128320-N", "120974-N", "107807-N"]	['ПОТОМСТВО (МОЛОДОЕ ПОКОЛЕНИЕ ПО ОТНОШЕНИЮ К СВОИМ РОДИТЕЛЯМ)', 'МОЛОДНЯК ЖИВОТНЫХ', 'ДЕТЕНЫШ ЖИВОТНОГО']
БЕНЕФИЦИАР	["144563-N", "121730-N"]	['ПРИОБРЕТАТЕЛЬ', 'ПОЛУЧАТЕЛЬ']
БЕНТОНИТ	["8432-N", "5316-N"]	['ОСАДОЧНАЯ ГОРНАЯ ПОРОДА', 'ГЛИНА']
БЕРИЛЛИЙ	["2868-N", "9709-N", "145367-N", "3835-N", "97-N", "259-N"]	['ХИМИЧЕСКИЙ ЭЛЕМЕНТ', 'ЩЕЛОЧНОЗЕМЕЛЬНЫЕ МЕТАЛЛЫ', 'РЕДКИЕ МЕТАЛЛЫ', 'ЛЕГКИЕ МЕТАЛЛЫ', 'МЕТАЛЛ', 'ЦВЕТНЫЕ МЕТАЛЛЫ']
БЕССМЕРТНИК	["144172-N", "4789-N"]	['РАСТЕНИЕ', 'ТРАВЯНИСТОЕ РАСТЕНИЕ']
БЕФСТРОГАНОВ	["108097-N", "107778-N"]	['МЯСНОЕ КУШАНЬЕ', 'КУШАНЬЕ']
БИБЛИОТЕКОВЕДЕНИЕ	["106501-N", "5849-N"]	['ЗАНЯТИЕ, ДЕЯТЕЛЬНОСТЬ', 'КУЛЬТУРНО-ПРОСВЕТИТЕЛЬСКАЯ ДЕЯТЕЛЬНОСТЬ']
БИБОП	["143709-N", "8675-N"]	['МУЗЫКАЛЬНЫЙ СТИЛЬ', 'ДЖАЗОВАЯ МУЗЫКА']
БИЛЬЯРДИСТ	["135736-N", "106857-N", "110092-N"]	['СТОРОНА (ГРУППА ЛИЦ)', 'УЧАСТНИК', 'ИГРОК, УЧАСТНИК ИГРЫ']
БИОФАК	["764-N", "8355-N"]	['ВЫСШЕЕ УЧЕБНОЕ ЗАВЕДЕНИЕ', 'ФАКУЛЬТЕТ']
БИТНИК	["2862-N", "3142-N"]	['МОЛОДЕЖНОЕ ДВИЖЕНИЕ', 'ОБЩЕСТВЕННОЕ ДВИЖЕНИЕ']
БИТНИК	["107524-N", "136055-N"]	['ПОСЛЕДОВАТЕЛЬ', 'НОНКОНФОРМИСТ']
БЛИСТЕР	["141859-N", "116344-N"]	['ПРОЗРАЧНАЯ УПАКОВКА', 'УПАКОВКА ДЛЯ ТОВАРА']
БОБТЕЙЛ	["107746-N", "5906-N"]	['ОВЧАРКА', 'СЛУЖЕБНАЯ СОБАКА']
БОКОВИК	["136595-N", "149662-N", "2153-N"]	['ДИНАМИКА РАЗВИТИЯ', 'РЫНОЧНЫЙ ТРЕНД', 'ЦЕНООБРАЗОВАНИЕ']
БОНДАРЬ	["110125-N", "2550-N"]	['РАБОЧИЙ, РАБОТНИК ФИЗИЧЕСКОГО ТРУДА', 'РАБОТНИК']
БОРОВ	["113214-N", "107876-N", "939-N"]	['ХРЯК (САМЕЦ)', 'САМЕЦ (ЖИВОТНОЕ)', 'ДОМАШНЯЯ СВИНЬЯ']
БОРТНИК	["8828-N", "343-N"]	['ПЧЕЛОВОД', 'СЕЛЬСКОХОЗЯЙСТВЕННЫЙ РАБОТНИК']
БОТОКС	["117067-N", "114568-N", "9725-N", "9444-N"]	['ВКОЛОТЬ (ВСТАВИТЬ)', 'ВПРЫСНУТЬ', 'МЕДИЦИНСКАЯ ПРОЦЕДУРА', 'ИНЪЕКЦИЯ ЛЕКАРСТВА']
БОТОКС	["152370-N", "143066-N", "152371-N"]	['КОСМЕТОЛОГИЧЕСКИЕ УСЛУГИ', 'КОСМЕТИЧЕСКИЙ УХОД', 'ОЗДОРОВИТЕЛЬНЫЕ УСЛУГИ']
БРАЖКА	["549-N", "142362-N", "548-N", "9419-N"]	['НАПИТОК', 'СПИРТОСОДЕРЖАЩАЯ ПРОДУКЦИЯ', 'АЛКОГОЛЬНЫЙ НАПИТОК', 'ОДУРМАНИВАЮЩЕЕ ВЕЩЕСТВО']
БРОМИД	["820-N", "108760-N"]	['ВЕЩЕСТВО', 'ХИМИЧЕСКОЕ СОЕДИНЕНИЕ']
БУДУАР	["144852-N", "107549-N"]	['ЖИЛАЯ КОМНАТА', 'ГОСТИНАЯ (КОМНАТА)']
БУКРАННЕР	["142757-N", "112319-N"]	['ФИНАНСОВЫЙ ПОСРЕДНИК', 'ПОСРЕДНИК']
БУРДЮК	["107038-N", "107048-N"]	['ВМЕСТИЛИЩЕ', 'МЕШОК (ВМЕСТИЛИЩЕ)']
БУРКА	["108474-N", "108208-N", "1256-N", "108091-N"]	['НАКИДКА (ОДЕЖДА)', 'МУЖСКАЯ ОДЕЖДА', 'ОДЕЖДА', 'ЖЕНСКАЯ ОДЕЖДА']
БУРКА	["108848-N", "108527-N", "108829-N"]	['ЧАДРА', 'МАТЕРИАЛ, ТКАНЬ', 'ПОКРЫВАЛО, НАКИДКА']
БЬЕФ	["147134-N", "106451-N"]	['ФИЗИЧЕСКАЯ СУЩНОСТЬ', 'МЕСТО В ПРОСТРАНСТВЕ']
ВАЙФАЙ	["1585-N", "1349-N"]	['КОМПЬЮТЕРНАЯ СЕТЬ', 'ИНФОРМАЦИОННЫЕ КОММУНИКАЦИИ']
ВАЛУЙ	["107860-N", "4319-N", "368-N"]	['СЪЕДОБНЫЙ ГРИБ', 'ГРИБ', 'ПРОДУКТЫ ПИТАНИЯ']
ВАНАДИЙ	["3483-N", "145367-N", "974-N", "97-N", "259-N"]	['ОГНЕУПОРНЫЙ МАТЕРИАЛ', 'РЕДКИЕ МЕТАЛЛЫ', 'ТУГОПЛАВКИЕ МЕТАЛЛЫ', 'МЕТАЛЛ', 'ЦВЕТНЫЕ МЕТАЛЛЫ']
ВАНАДИЙ	["2868-N"]	['ХИМИЧЕСКИЙ ЭЛЕМЕНТ']
ВАРРАНТ	["8722-N", "457-N", "107000-N", "6323-N", "121677-N", "2428-N"]	['ТОРГОВЫЙ ДОКУМЕНТ', 'ЦЕННАЯ БУМАГА', 'УДОСТОВЕРЕНИЕ, УДОСТОВЕРЯЮЩИЙ ДОКУМЕНТ', 'ДВИЖИМАЯ СОБСТВЕННОСТЬ', 'СВИДЕТЕЛЬСТВО, СЕРТИФИКАТ', 'ДОКУМЕНТ']
ВАРРАНТ	["149407-N", "149406-N"]	['ПРОИЗВОДНЫЙ ФИНАНСОВЫЙ ИНСТРУМЕНТ', 'ФИНАНСОВЫЙ ИНСТРУМЕНТ']
ВАТЕРПОЛИСТ	["1626-N", "150555-N"]	['СПОРТСМЕН', 'ЧЕЛОВЕК ПО СФЕРЕ ДЕЯТЕЛЬНОСТИ']
ВАТЕРПОЛИСТ	["106857-N", "110092-N", "135736-N"]	['УЧАСТНИК', 'ИГРОК, УЧАСТНИК ИГРЫ', 'СТОРОНА (ГРУППА ЛИЦ)']
ВЕБМАСТЕР	["2720-N", "134420-N"]	['АВТОР', 'РАЗРАБОТЧИК']
ВЕЙПИНГ	["4042-N", "115824-N"]	['КУРЕНИЕ', 'ВДОХНУТЬ, СДЕЛАТЬ ВДОХ']
ВЕНЕРОЛОГ	["134969-N", "1045-N", "1044-N"]	['ЛЕКАРЬ, ЦЕЛИТЕЛЬ', 'ВРАЧ', 'МЕДИЦИНСКИЙ РАБОТНИК']
ВЕРБЛЮДИЦА	["5630-N", "129059-N", "10236-N"]	['РАБОЧИЙ СКОТ', 'МОЗОЛЕНОГИЕ ЖИВОТНЫЕ', 'ВЕРБЛЮД']
ВЕРБЛЮДИЦА	["107861-N"]	['САМКА (ЖИВОТНОЕ)']
ВЕРСТАЛЬЩИК	["110125-N", "113520-N", "8783-N"]	['РАБОЧИЙ, РАБОТНИК ФИЗИЧЕСКОГО ТРУДА', 'НАБОРЩИК', 'ПОЛИГРАФИСТ']
ВЕРША	["125001-N", "5081-N", "110335-N"]	['СНАРЯЖЕНИЕ (ПРЕДМЕТЫ)', 'ОРУДИЕ ЛОВА', 'РЫБОЛОВНАЯ СНАСТЬ']
ВЕТРОВАЛ	["3-N"]	['ЭЛЕКТРОСТАНЦИЯ']
ВИВАРИЙ	["111506-N", "106573-N"]	['ПОМЕЩЕНИЕ ДЛЯ ЖИВОТНЫХ', 'ПОМЕЩЕНИЕ, ВНУТРЕННОСТЬ ЗДАНИЯ']
ВИДЖЕТ	["513-N", "148785-N"]	['КОМПЬЮТЕРНАЯ ПРОГРАММА', 'ПРИКЛАДНАЯ ПРОГРАММА']
ВИРШИ	["5163-N", "108631-N"]	['ПОЭТИЧЕСКОЕ ПРОИЗВЕДЕНИЕ', 'СТИХОТВОРЕНИЕ']
ВИТИЛИГО	["9457-N", "616-N"]	['КОЖНАЯ БОЛЕЗНЬ', 'БОЛЕЗНЬ']
ВОБЛА	["9746-N", "502-N"]	['ПРЕСНОВОДНАЯ РЫБА', 'РЫБА']
ВОЕНРУК	["134601-N", "1601-N"]	['УЧИТЕЛЬ-ПРЕДМЕТНИК', 'ШКОЛЬНЫЙ УЧИТЕЛЬ']
ВОЛНУШКА	["142326-N", "107860-N", "4319-N", "368-N"]	['ПЛАСТИНЧАТЫЙ ГРИБ', 'СЪЕДОБНЫЙ ГРИБ', 'ГРИБ', 'ПРОДУКТЫ ПИТАНИЯ']
ВОЛЧАНКА	["9457-N", "616-N"]	['КОЖНАЯ БОЛЕЗНЬ', 'БОЛЕЗНЬ']
ВОЛЬТИЖИРОВКА	["111094-N", "113642-N"]	['ЕХАТЬ, ДВИГАТЬСЯ ПРИ ПОМОЩИ СРЕДСТВ ПЕРЕДВИЖЕНИЯ', 'ВЕРХОВАЯ ЕЗДА']
ВОЛЬТИЖИРОВКА	["7540-N", "4911-N"]	['ИСПОЛНИТЕЛЬСКОЕ ИСКУССТВО', 'ЦИРКОВОЕ ИСКУССТВО']
ВОСКРЕСНИК	["133376-N", "840-N"]	['БЕЗВОЗМЕЗДНЫЙ ТРУД', 'ТРУД']
ВОСЬМИУГОЛЬНИК	["107021-N", "107027-N"]	['ГЕОМЕТРИЧЕСКАЯ ФИГУРА', 'МНОГОУГОЛЬНИК']
ВТУЛКА	["107496-N", "106553-N", "106509-N"]	['ДЕТАЛЬ УСТРОЙСТВА', 'ПРИСПОСОБЛЕНИЕ, ИНСТРУМЕНТ', 'СОСТАВНАЯ ЧАСТЬ']
ВШИВОСТЬ	["140711-N", "5882-N", "136228-N", "616-N"]	['БИОЛОГИЧЕСКИЙ ПАРАЗИТИЗМ', 'ПАРАЗИТАРНАЯ БОЛЕЗНЬ', 'ИНФЕКЦИОННЫЕ И ПАРАЗИТАРНЫЕ БОЛЕЗНИ', 'БОЛЕЗНЬ']
ВЫКРОЙКА	["140712-N", "106525-N"]	['ОБРАЗЕЦ ИЗДЕЛИЯ, МАТЕРИАЛА', 'МОДЕЛЬ ДЛЯ ИЗГОТОВЛЕНИЯ']
ВЫТАПТЫВАНИЕ	["111369-N", "111370-N"]	['ПОРТИТЬ, ДЕЛАТЬ ПЛОХИМ', 'ПОВРЕДИТЬ']
ВЫТАПТЫВАНИЕ	["106483-N", "106531-N"]	['УНИЧТОЖИТЬ, ПРЕКРАТИТЬ СУЩЕСТВОВАНИЕ', 'ПРЕКРАТИТЬ, ПОЛОЖИТЬ КОНЕЦ']
ВЫТАПТЫВАНИЕ	["129756-N", "106493-N"]	['ПРОКЛАДКА ЛИНИИ, КОММУНИКАЦИЙ', 'СОЗДАТЬ (СДЕЛАТЬ СУЩЕСТВУЮЩИМ)']
ВЬЮН	["9746-N", "502-N"]	['ПРЕСНОВОДНАЯ РЫБА', 'РЫБА']
ВЭЙП	["510-N", "106555-N", "136954-N", "149201-N"]	['ЭЛЕКТРОННОЕ ОБОРУДОВАНИЕ', 'ТЕХНИЧЕСКОЕ УСТРОЙСТВО', 'ИСПАРИТЕЛЬНОЕ УСТРОЙСТВО', 'ИНЖЕНЕРНОЕ ОБОРУДОВАНИЕ']
ГАЙДАРОВЕЦ	["152714-N"]	['ЧЕЛОВЕК ПО РОЛИ']
ГАЙДАРОВЕЦ	["125085-N", "6629-N"]	['ЧЛЕН ОРГАНИЗАЦИИ', 'ЧЛЕН ПАРТИИ']
ГАЛЛ	["126431-N", "125949-N"]	['КЕЛЬТЫ', 'ПЛЕМЯ (ЭТНИЧЕСКАЯ ОБЩНОСТЬ)']
ГАЛЬВАНИК	["152714-N"]	['ЧЕЛОВЕК ПО РОЛИ']
ГАЛЬВАНИК	["2550-N"]	['РАБОТНИК']
ГАРЬ	["153496-N", "106910-N"]	['ПЛОХОЙ ЗАПАХ', 'ЗАПАХ']
ГАТЬ	["120350-N", "107176-N"]	['ПОКРЫТИЕ (СТРОИТЕЛЬНАЯ КОНСТРУКЦИЯ)', 'НАСТИЛ (ПОКРЫТИЕ)']
ГЕДОНИЗМ	["119563-N", "106470-N"]	['МИРОВОЗЗРЕНИЕ', 'УБЕЖДЕНИЯ, ВЗГЛЯДЫ']
ГЕНПОДРЯД	["133828-N", "4682-N"]	['РАБОТЫ НА ДОГОВОРНОЙ ОСНОВЕ', 'ПОДРЯДНЫЕ РАБОТЫ']
ГЕРБАРИЙ	["10076-N", "121692-N"]	['КОЛЛЕКЦИЯ', 'СОБРАНИЕ (СОВОКУПНОСТЬ СОБРАННОГО)']
ГЕРМАФРОДИТ	["150414-N", "106579-N"]	['БИОЛОГИЧЕСКАЯ СУЩНОСТЬ', 'ЖИВОЙ ОРГАНИЗМ']
ГЕРПЕТОЛОГ	["9033-N", "10004-N"]	['БИОЛОГ', 'ЗООЛОГ']
ГИДРАВЛИК	["2391-N", "2551-N"]	['ИНЖЕНЕРНО-ТЕХНИЧЕСКИЙ РАБОТНИК', 'СЛУЖАЩИЙ (РАБОТНИК)']
ГИДРОГРАФ	["21-N", "9054-N"]	['НАУЧНЫЙ РАБОТНИК', 'ГЕОГРАФ']
ГИДРОТЕХНИК	["2391-N", "2551-N"]	['ИНЖЕНЕРНО-ТЕХНИЧЕСКИЙ РАБОТНИК', 'СЛУЖАЩИЙ (РАБОТНИК)']
ГИПЕРБОЛИЗАЦИЯ	["116115-N"]	['ПРЕУВЕЛИЧИТЬ']
ГИПЕРБОЛИЗАЦИЯ	["117116-N"]	['ПЕРЕВРАТЬ']
ГИПЕРБОЛИЗАЦИЯ	["106828-N", "128560-N"]	['ПРИЕМ (СПОСОБ)', 'СТИЛИСТИЧЕСКИЙ ПРИЕМ']
ГИПЕРТЕКСТ	["1584-N", "7148-N", "148785-N"]	['ИНФОРМАЦИОННАЯ СИСТЕМА', 'АВТОМАТИЗИРОВАННАЯ СИСТЕМА', 'ПРИКЛАДНАЯ ПРОГРАММА']
ГИПОТИРЕОЗ	["9533-N", "616-N"]	['ЭНДОКРИННОЕ ЗАБОЛЕВАНИЕ', 'БОЛЕЗНЬ']
ГИРЬКА	["106554-N", "120614-N", "120613-N"]	['ПРЕДМЕТ, ВЕЩЬ', 'ПРОТИВОВЕС (ГРУЗ)', 'ГРУЗ (ТЯЖЕЛЫЙ ПРЕДМЕТ)']
ГЛАГОЛИЦА	["3548-N", "107335-N"]	['АЛФАВИТ', 'НАБОР (СОВОКУПНОСТЬ ПРЕДМЕТОВ)']
ГЛАМУР	["137358-N"]	['ОБРАЗ ЖИЗНИ']
ГЛИЦИНИЯ	["965-N", "6883-N", "141883-N", "144172-N", "107872-N"]	['ЦВЕТКОВОЕ РАСТЕНИЕ', 'ДЕКОРАТИВНАЯ КУЛЬТУРА', 'ВЬЮЩЕЕСЯ РАСТЕНИЕ', 'РАСТЕНИЕ', 'ЛИАНА']
ГЛЮКОМЕТР	["3648-N", "2489-N", "2754-N"]	['ИЗМЕРИТЕЛЬНЫЙ ПРИБОР', 'ИЗМЕРИТЕЛЬНОЕ ОБОРУДОВАНИЕ', 'ПРИБОР']
ГЛЮКОМЕТР	["1068-N", "106507-N"]	['МЕДИЦИНСКАЯ ПРОДУКЦИЯ', 'ПРОДУКТ ПРОИЗВОДСТВА']
ГОЗНАК	["134279-N", "525-N", "2532-N", "2047-N", "134781-N"]	['ОРГАНИЗАЦИОННО-ПРАВОВАЯ ФОРМА ПРЕДПРИЯТИЙ', 'ПРЕДПРИЯТИЕ', 'ГОСУДАРСТВЕННОЕ ПРЕДПРИЯТИЕ', 'ГОСУДАРСТВЕННАЯ СОБСТВЕННОСТЬ', 'ГОСУДАРСТВЕННАЯ ОРГАНИЗАЦИЯ']
ГОЛЬМИЙ	["2868-N"]	['ХИМИЧЕСКИЙ ЭЛЕМЕНТ']
ГОЛЬМИЙ	["100-N", "132875-N"]	['РЕДКОЗЕМЕЛЬНЫЕ МЕТАЛЛЫ', 'ЛАНТАНОИДЫ']
ГОНЧАР	["2550-N", "111238-N"]	['РАБОТНИК', 'МАСТЕР (КВАЛИФИЦИРОВАННЫЙ РАБОТНИК)']
ГОРБИНКА	["125927-N", "106451-N"]	['ВЫПУКЛОСТЬ, ВЫПУКЛОЕ МЕСТО', 'МЕСТО В ПРОСТРАНСТВЕ']
ГОРИХВОСТКА	["4091-N", "130644-N", "963-N", "5681-N"]	['ДИКОЕ ЖИВОТНОЕ', 'ПЕВЧАЯ ПТИЦА', 'ПТИЦА', 'ДИКАЯ ПТИЦА']
ГОРОДОШНИК	["135736-N", "106857-N", "110092-N"]	['СТОРОНА (ГРУППА ЛИЦ)', 'УЧАСТНИК', 'ИГРОК, УЧАСТНИК ИГРЫ']
ГРАБ	["3364-N", "988-N"]	['ЛИСТВЕННОЕ ДЕРЕВО', 'ДРЕВЕСНОЕ РАСТЕНИЕ']
ГРАДОБИТИЕ	["106593-N", "3061-N", "266-N", "111-N"]	['КАТАСТРОФА', 'БЕДСТВИЕ', 'СТИХИЙНОЕ БЕДСТВИЕ', 'ПРИРОДНОЕ ЯВЛЕНИЕ']
ГРАНУЛЯЦИЯ	["106631-N"]	['ИЗМЕНИТЬ, СДЕЛАТЬ ИНЫМ']
ГРАЧОНОК	["107776-N", "107807-N"]	['ПТЕНЕЦ', 'ДЕТЕНЫШ ЖИВОТНОГО']
ГРАЧОНОК	["7396-N"]	['ПЕРЕЛЕТНАЯ ПТИЦА']
ГРИЗЛИ	["128759-N", "8891-N"]	['БУРЫЙ МЕДВЕДЬ', 'МЕДВЕДЬ']
ГРИЗЛИ	["128763-N"]	['СЕВЕРОАМЕРИКАНСКОЕ ЖИВОТНОЕ']
ГРУДИНКА	["1225-N", "368-N"]	['МЯСО', 'ПРОДУКТЫ ПИТАНИЯ']
ГРУДИНКА	["108354-N", "3545-N"]	['МЯСНЫЕ ПРОДУКТЫ', 'МЯСОМОЛОЧНЫЕ ПРОДУКТЫ']
ГУДРОН	["820-N", "107277-N"]	['ВЕЩЕСТВО', 'ТЕСТООБРАЗНАЯ МАССА']
ГУДРОН	["130019-N", "61-N", "106536-N"]	['НЕПРОДОВОЛЬСТВЕННЫЕ ТОВАРЫ', 'СТРОИТЕЛЬНЫЕ МАТЕРИАЛЫ', 'МАТЕРИАЛ ДЛЯ ИЗГОТОВЛЕНИЯ']
ГУСАК	["4839-N", "5349-N", "4843-N"]	['СЕЛЬСКОХОЗЯЙСТВЕННАЯ ПТИЦА', 'ВОДОПЛАВАЮЩАЯ ПТИЦА', 'ГУСЬ']
ГУСАК	["107876-N", "144174-N"]	['САМЕЦ (ЖИВОТНОЕ)', 'ЖИВОТНОЕ']
ГУСЯТНИК	["343-N", "111341-N"]	['СЕЛЬСКОХОЗЯЙСТВЕННЫЙ РАБОТНИК', 'ПТИЧНИК (РАБОТНИК)']
ДАДАИСТ	["8848-N", "137100-N"]	['ДЕЯТЕЛЬ ИСКУССТВА', 'МОДЕРНИСТ']
ДАЛЬТОНИК	["106579-N", "138167-N", "2149-N"]	['ЖИВОЙ ОРГАНИЗМ', 'СУБЪЕКТ ДЕЯТЕЛЬНОСТИ', 'ЧЕЛОВЕК']
ДАОСИЗМ	["121514-N", "119563-N", "135607-N", "132973-N"]	['УЧЕНИЕ (СОВОКУПНОСТЬ ТЕОРЕТИЧ. ПОЛОЖЕНИЙ)', 'МИРОВОЗЗРЕНИЕ', 'РЕЛИГИОЗНОЕ УЧЕНИЕ', 'ФИЛОСОФСКОЕ УЧЕНИЕ']
ДАУНШИФТИНГ	["110242-N", "135458-N", "137358-N"]	['ПОВЕДЕНИЕ', 'УКЛАД (УСТАНОВИВШИЙСЯ ПОРЯДОК)', 'ОБРАЗ ЖИЗНИ']
ДВОЕНИЕ	["6961-N", "136609-N", "616-N"]	['НАРУШЕНИЕ ЗРЕНИЯ', 'ДИСФУНКЦИЯ ОРГАНОВ', 'БОЛЕЗНЬ']
ДВОЕНИЕ	["119665-N"]	['ПРЕДСТАВИТЬСЯ (ЯВИТЬСЯ В МЫСЛИ, В ВООБРАЖЕНИИ)']
ДВУСТИШИЕ	["108242-N", "2966-N"]	['СТРОФА', 'ТЕКСТ']
ДЕБЛОКИРОВАНИЕ	["115444-N", "120034-N"]	['ОТПУСТИТЬ (ПОЗВОЛИТЬ УДАЛИТЬСЯ)', 'ОСВОБОДИТЬ, ДАТЬ СВОБОДУ']
ДЕГИДРАТАЦИЯ	["125011-N", "143048-N"]	['ФИЗИОЛОГИЧЕСКИЙ ПРОЦЕСС', 'БИОЛОГИЧЕСКИЙ ПРОЦЕСС']
ДЕЗИНФЕКТОР	["152714-N"]	['ЧЕЛОВЕК ПО РОЛИ']
ДЕЗИНФЕКТОР	["2550-N"]	['РАБОТНИК']
ДЕЙТЕРИЙ	["6015-N", "9344-N"]	['ИЗОТОП', 'АТОМ']
ДЕЙТЕРИЙ	["903-N", "131273-N", "461-N"]	['ВОДОРОД', 'НЕМЕТАЛЛЫ', 'ГАЗООБРАЗНОЕ ВЕЩЕСТВО']
ДЕЛИСТИНГ	["110909-N", "106631-N", "106638-N"]	['УДАЛИТЬ, ИСКЛЮЧИТЬ', 'ИЗМЕНИТЬ, СДЕЛАТЬ ИНЫМ', 'УМЕНЬШИТЬ']
ДЕЛЬТАПЛАНЕРИСТ	["1626-N", "150555-N"]	['СПОРТСМЕН', 'ЧЕЛОВЕК ПО СФЕРЕ ДЕЯТЕЛЬНОСТИ']
ДЕНДРОЛОГ	["9033-N", "111757-N"]	['БИОЛОГ', 'БОТАНИК, СПЕЦИАЛИСТ ПО БОТАНИКЕ']
ДЕНУКЛЕАРИЗАЦИЯ	["2169-N", "6165-N", "8170-N"]	['РАЗОРУЖЕНИЕ', 'КОНТРОЛЬ ЗА ВООРУЖЕНИЯМИ', 'ДЕМИЛИТАРИЗАЦИЯ']
ДЕПРИВАТИЗАЦИЯ	["116543-N", "144001-N"]	['ВЕРНУТЬ ВЗЯТОЕ', 'ВОЗВРАТ ИМУЩЕСТВА, СРЕДСТВ']
ДЕПРИВАТИЗАЦИЯ	["5418-N", "843-N"]	['ОТЧУЖДЕНИЕ ИМУЩЕСТВА', 'НАЦИОНАЛИЗАЦИЯ']
ДЕСЯТИБОРЕЦ	["112464-N", "1626-N"]	['ЛЕГКОАТЛЕТ', 'СПОРТСМЕН']
ДЕФЛИМПИАДА	["1625-N", "1628-N"]	['СПОРТИВНОЕ СОРЕВНОВАНИЕ', 'ОЛИМПИЙСКИЕ ИГРЫ']
ДЕЦИМЕТР	["8646-N", "109697-N"]	['ЕДИНИЦА ИЗМЕРЕНИЯ', 'ЕДИНИЦА ДЛИНЫ']
ДЖЕНЕРИК	["1068-N", "6514-N", "147742-N", "1067-N"]	['МЕДИЦИНСКАЯ ПРОДУКЦИЯ', 'ЛЕЧЕБНОЕ СРЕДСТВО', 'АПТЕЧНАЯ ПРОДУКЦИЯ', 'МЕДИКАМЕНТ']
ДЖИН	["108336-N", "548-N"]	['КРЕПКИЙ АЛКОГОЛЬНЫЙ НАПИТОК', 'АЛКОГОЛЬНЫЙ НАПИТОК']
ДИАТЕЗ	["109068-N", "616-N"]	['АЛЛЕРГИЧЕСКОЕ ЗАБОЛЕВАНИЕ', 'БОЛЕЗНЬ']
ДИЕТОТЕРАПИЯ	["7529-N", "142491-N"]	['МЕТОД ЛЕЧЕНИЯ', 'МЕТОД']
ДИЕТОТЕРАПИЯ	["108890-N", "4230-N"]	['ЕДА, ПИЩА', 'ДИЕТИЧЕСКОЕ ПИТАНИЕ']
ДИЛЕР	["525-N", "847-N"]	['ПРЕДПРИЯТИЕ', 'КОМПАНИЯ']
ДИЛЕР	["142758-N", "112319-N"]	['ТОРГОВЫЙ ПОСРЕДНИК', 'ПОСРЕДНИК']
ДИЛЕР	["148630-N"]	['ИГРОК РЫНКА']
ДИПЛОМНИК	["762-N", "2196-N", "150555-N"]	['СТУДЕНТ', 'УЧАЩИЙСЯ', 'ЧЕЛОВЕК ПО СФЕРЕ ДЕЯТЕЛЬНОСТИ']
ДИСБАТ	["5337-N", "790-N"]	['БАТАЛЬОН', 'ВОИНСКОЕ ПОДРАЗДЕЛЕНИЕ']
ДИСПЕПСИЯ	["125011-N", "107586-N", "9528-N"]	['ФИЗИОЛОГИЧЕСКИЙ ПРОЦЕСС', 'СИМПТОМ (ВНЕШНИЙ ПРИЗНАК)', 'КЛИНИЧЕСКИЙ СИМПТОМ']
ДИСПЕПСИЯ	["118045-N", "118044-N", "616-N"]	['РАССТРОИТЬСЯ (НАРУШИТЬСЯ)', 'РАССТРОЙСТВО ФУНКЦИИ', 'БОЛЕЗНЬ']
ДИФРАКЦИЯ	["106587-N", "116035-N", "119796-N", "147175-N", "115274-N"]	['ДВИЖЕНИЕ, ПЕРЕМЕЩЕНИЕ', 'НАПРАВИТЬСЯ, СЛЕДОВАТЬ В НАПРАВЛЕНИИ', 'ОТКЛОНИТЬСЯ, СМЕСТИТЬСЯ В СТОРОНУ', 'ОТКЛОНИТЬСЯ ОТ МАРШРУТА', 'ОБОГНУТЬ (ОБОЙТИ, ОБЪЕХАТЬ)']
ДИФРАКЦИЯ	["133063-N", "126008-N"]	['ОПТИЧЕСКОЕ ЯВЛЕНИЕ', 'ФИЗИЧЕСКОЕ ЯВЛЕНИЕ, ПРОЦЕСС']
ДНЕВАЛЬНЫЙ	["792-N", "926-N"]	['ВОЕННОСЛУЖАЩИЙ', 'РЯДОВОЙ СОСТАВ']
ДНЕВАЛЬНЫЙ	["152714-N"]	['ЧЕЛОВЕК ПО РОЛИ']
ДОГМАТИК	["2149-N", "150507-N"]	['ЧЕЛОВЕК', 'ЧЕЛОВЕК ПО ХАРАКТЕРУ']
ДОЖДЕВИК	["109518-N", "108474-N"]	['ПЛАЩ-НАКИДКА', 'НАКИДКА (ОДЕЖДА)']
ДОЖДЕВИК	["146827-N", "144427-N", "4024-N"]	['ОДЕЖДА ОТ ДОЖДЯ И ВЕТРА', 'ЗАЩИТНАЯ ОДЕЖДА', 'ВЕРХНЯЯ ОДЕЖДА']
ДОЖДЕВИК	["106579-N", "4319-N"]	['ЖИВОЙ ОРГАНИЗМ', 'ГРИБ']
ДОЛЛАРИЗАЦИЯ	["145399-N", "106629-N", "135044-N"]	['ЭКОНОМИЧЕСКИЙ ПРОЦЕСС', 'ИЗМЕНИТЬСЯ, ИЗМЕНЕНИЕ', 'ПРОЦЕСС, СМЕНА СОСТОЯНИЙ']
ДОМКОМ	["2260-N", "106560-N"]	['ОБЩЕСТВЕННАЯ ОРГАНИЗАЦИЯ', 'ОРГАНИЗАЦИЯ, УЧРЕЖДЕНИЕ']
ДОННИК	["347-N", "4789-N", "6859-N", "6861-N", "124008-N"]	['КОРМОВАЯ КУЛЬТУРА', 'ТРАВЯНИСТОЕ РАСТЕНИЕ', 'БОБОВАЯ КУЛЬТУРА', 'СИДЕРАЛЬНАЯ КУЛЬТУРА', 'КОРМОВЫЕ ТРАВЫ']
ДРЕСС-КОД	["106454-N", "106450-N"]	['ПОЛОЖЕНИЕ, ТЕЗИС', 'ПРАВИЛА, ТРЕБОВАНИЯ']
ДРОВНИ	["4821-N", "111080-N", "142547-N"]	['ПОВОЗКА, ГУЖЕВОЙ ТРАНСПОРТ', 'САННАЯ ПОВОЗКА', 'САНИ']
ДУАЛИЗМ	["121514-N", "119563-N", "132973-N"]	['УЧЕНИЕ (СОВОКУПНОСТЬ ТЕОРЕТИЧ. ПОЛОЖЕНИЙ)', 'МИРОВОЗЗРЕНИЕ', 'ФИЛОСОФСКОЕ УЧЕНИЕ']
ДУШЕПРИКАЗЧИК	["138167-N", "121451-N"]	['СУБЪЕКТ ДЕЯТЕЛЬНОСТИ', 'ИСПОЛНИТЕЛЬ, РЕАЛИЗАТОР']
ДЮРАЦИЯ	["2116-N", "7072-N", "107583-N"]	['ЭКОНОМИЧЕСКИЙ ПОКАЗАТЕЛЬ', 'ФИНАНСОВЫЙ ПОКАЗАТЕЛЬ', 'ПОКАЗАТЕЛЬ (ДАННЫЕ)']
ЕВРАЗИЙСТВО	["119563-N", "124135-N"]	['МИРОВОЗЗРЕНИЕ', 'ИДЕОЛОГИЯ']
ЕКТЕНИЯ	["2966-N", "7553-N"]	['ТЕКСТ', 'МОЛИТВА']
ЖАКО	["108497-N", "963-N"]	['ПОПУГАЙ (ПТИЦА)', 'ПТИЦА']
ЖБАН	["2513-N", "107039-N", "107043-N"]	['ПОСУДА', 'СОСУД (ВМЕСТИЛИЩЕ)', 'КУВШИН']
ЖЕРЛО	["109640-N", "106451-N", "107087-N"]	['ДУЛО ОРУЖИЯ', 'МЕСТО В ПРОСТРАНСТВЕ', 'ОТВЕРСТИЕ']
ЖИЛЕТКА	["8218-N", "1256-N", "109873-N"]	['ИЗДЕЛИЕ ЛЕГКОЙ ПРОМЫШЛЕННОСТИ', 'ОДЕЖДА', 'ИЗДЕЛИЕ']
ЖИРОК	["127380-N", "112324-N"]	['ОТЛОЖЕНИЕ ВЕЩЕСТВ', 'СКОПЛЕНИЕ (БОЛЬШОЕ КОЛИЧЕСТВО)']
ЖИРОК	["5992-N", "112369-N"]	['ОРГАНИЧЕСКОЕ ВЕЩЕСТВО', 'ЖИРОВОЕ ВЕЩЕСТВО']
ЖУЖЖАНИЕ	["107093-N"]	['ИЗДАТЬ ЗВУК']
ЗАВЕЩАТЕЛЬ	["152714-N", "2149-N"]	['ЧЕЛОВЕК ПО РОЛИ', 'ЧЕЛОВЕК']
ЗАДАЧНИК	["3790-N", "114052-N"]	['КНИГА (ИЗДАНИЕ)', 'СБОРНИК (КНИГА)']
ЗАДАЧНИК	["114478-N", "106554-N"]	['УЧЕБНОЕ ПОСОБИЕ', 'ПРЕДМЕТ, ВЕЩЬ']
ЗАКЛАДНАЯ	["1271-N", "2428-N"]	['ФИНАНСОВЫЙ ДОКУМЕНТ', 'ДОКУМЕНТ']
ЗАПАСКА	["147495-N", "154139-N", "2653-N"]	['КОЛЕСО ТРАНСПОРТНОГО СРЕДСТВА', 'АВТОМОБИЛЬНОЕ КОЛЕСО', 'АВТОМОБИЛЬНОЕ ОБОРУДОВАНИЕ']
ЗАПАСКА	["106487-N", "111553-N"]	['РЕСУРС, ИСТОЧНИК', 'ЗАПАС (ТО, ЧТО ЗАПАСЕНО)']
ЗАРЕГУЛИРОВАННОСТЬ	["122242-N", "127475-N"]	['НАРУШИТЬ, ПРЕСТУПИТЬ', 'ПЕРЕБОРЩИТЬ, ПЕРЕХВАТИТЬ']
ЗАРЕГУЛИРОВАННОСТЬ	["111943-N", "111944-N"]	['ОГРАНИЧИТЬ', 'НАЗНАЧИТЬ, УСТАНОВИТЬ, ОПРЕДЕЛИТЬ']
ЗАСЕКА	["114025-N", "107170-N"]	['ПРЕГРАДА ДВИЖЕНИЮ', 'ЗАГРАЖДЕНИЕ (ПРЕПЯТСТВИЕ ДЛЯ ДВИЖЕНИЯ)']
ЗАТОВАРИВАНИЕ	["7465-N", "3573-N"]	['ЭКОНОМИЧЕСКАЯ КОНЪЮНКТУРА', 'КОНЪЮНКТУРА РЫНКА']
ЗВЕРОВОД	["343-N", "4862-N"]	['СЕЛЬСКОХОЗЯЙСТВЕННЫЙ РАБОТНИК', 'ЖИВОТНОВОД']
ЗЕМЛЕКОП	["110125-N", "2550-N"]	['РАБОЧИЙ, РАБОТНИК ФИЗИЧЕСКОГО ТРУДА', 'РАБОТНИК']
ЗЕРКАЛКА	["117406-N", "4529-N", "117407-N"]	['СЪЕМОЧНАЯ КАМЕРА', 'ФОТОАППАРАТУРА', 'ФОТОКАМЕРА']
ЗИМОРОДОК	["4091-N", "5681-N", "963-N"]	['ДИКОЕ ЖИВОТНОЕ', 'ДИКАЯ ПТИЦА', 'ПТИЦА']
ЗОБ	["125011-N", "107586-N", "9528-N"]	['ФИЗИОЛОГИЧЕСКИЙ ПРОЦЕСС', 'СИМПТОМ (ВНЕШНИЙ ПРИЗНАК)', 'КЛИНИЧЕСКИЙ СИМПТОМ']
ЗОБ	["150414-N", "106580-N"]	['БИОЛОГИЧЕСКАЯ СУЩНОСТЬ', 'ОРГАН ЖИВОГО ОРГАНИЗМА']
ЗОМАН	["135584-N", "113465-N", "7601-N"]	['ЯДОВИТЫЙ ГАЗ', 'БОЕВОЕ ОТРАВЛЯЮЩЕЕ ВЕЩЕСТВО', 'НЕРВНО-ПАРАЛИТИЧЕСКИЕ ВЕЩЕСТВА']
ЗОРОАСТРИЗМ	["2201-N", "110359-N"]	['РЕЛИГИЯ', 'ПОЛИТЕИЗМ']
ЗЫБЬ	["107513-N", "115626-N"]	['КОЛЕБАТЕЛЬНОЕ ДВИЖЕНИЕ', 'ВОЛНЕНИЕ ВОДЫ']
ИВНЯК	["106451-N", "113085-N", "2594-N"]	['МЕСТО В ПРОСТРАНСТВЕ', 'ЗАРОСЛЬ', 'ЗЕМЕЛЬНЫЙ УЧАСТОК']
ИГРОМАН	["4846-N", "111236-N"]	['БОЛЬНОЙ ЧЕЛОВЕК', 'ПСИХИЧЕСКИ БОЛЬНОЙ']
ИЕГОВИСТ	["9320-N", "2371-N"]	['РЕЛИГИОЗНАЯ СЕКТА', 'РЕЛИГИОЗНАЯ ОРГАНИЗАЦИЯ']
ИЗГОТОВКА	["118698-N", "119669-N"]	['ДЕЙСТВИЕ, ЦЕЛЕНАПРАВЛЕННОЕ ДЕЙСТВИЕ', 'ПОДГОТОВИТЬ ДЛЯ ИСПОЛЬЗОВАНИЯ']
ИЗРАЗЕЦ	["132527-N", "120831-N", "6401-N"]	['КЕРАМИЧЕСКАЯ ПЛИТКА', 'ОБЛИЦОВОЧНАЯ ПЛИТКА', 'СТРОИТЕЛЬНАЯ КЕРАМИКА']
ИКЕБАНА	["1453-N", "7711-N"]	['ПРИКЛАДНОЕ ИСКУССТВО', 'ДИЗАЙН (ПРОЕКТИРОВАНИЕ)']
ИКЕБАНА	["112078-N"]	['СОСТАВИТЬ (СОБРАВ СОЕДИНИТЬ)']
ИНДУКТИВНОСТЬ	["106841-N", "110871-N"]	['КОЛИЧЕСТВЕННЫЙ ПАРАМЕТР', 'ФИЗИЧЕСКАЯ ВЕЛИЧИНА']
ИНОАГЕНТ	["152578-N", "2081-N"]	['ФОРМАЛЬНЫЙ СТАТУС', 'ПРАВОВОЙ СТАТУС']
ИНОАГЕНТ	["152714-N", "106891-N"]	['ЧЕЛОВЕК ПО РОЛИ', 'ПРЕДСТАВИТЕЛЬ ИНТЕРЕСОВ']
ИНСТИТУЦИОНАЛИЗАЦИЯ	["106493-N", "106496-N"]	['СОЗДАТЬ (СДЕЛАТЬ СУЩЕСТВУЮЩИМ)', 'УЧРЕДИТЬ, ОРГАНИЗОВАТЬ']
ИНСТИТУЦИОНАЛИЗАЦИЯ	["139989-N", "135044-N"]	['СОЦИАЛЬНЫЙ ПРОЦЕСС', 'ПРОЦЕСС, СМЕНА СОСТОЯНИЙ']
ИНТЕНДАНТ	["127439-N", "792-N"]	['ВОИН (ЧЕЛОВЕК)', 'ВОЕННОСЛУЖАЩИЙ']
ИНТЕРН	["134969-N", "1045-N", "1044-N"]	['ЛЕКАРЬ, ЦЕЛИТЕЛЬ', 'ВРАЧ', 'МЕДИЦИНСКИЙ РАБОТНИК']
ИНТЕРН	["762-N", "2196-N"]	['СТУДЕНТ', 'УЧАЩИЙСЯ']
ИНФОГРАФИКА	["110929-N", "107182-N"]	['ГРАФИЧЕСКОЕ ИЗОБРАЖЕНИЕ', 'ИЗОБРАЖЕНИЕ (РЕЗУЛЬТАТ)']
ИНЯЗ	["113986-N", "764-N"]	['УЧЕБНЫЙ ИНСТИТУТ', 'ВЫСШЕЕ УЧЕБНОЕ ЗАВЕДЕНИЕ']
ИПОХОНДРИЯ	["114032-N", "106661-N"]	['ТОСКА (ГРУСТЬ, УНЫНИЕ)', 'ГРУСТЬ']
ИСЛАМОФОБИЯ	["126567-N", "106654-N"]	['КСЕНОФОБИЯ', 'НЕНАВИСТЬ']
ИСЛАМОФОБИЯ	["115553-N"]	['ПРЕДРАССУДОК']
ИСЛАМОФОБИЯ	["6128-N", "137721-N"]	['РЕЛИГИОЗНАЯ НЕТЕРПИМОСТЬ', 'НЕТЕРПИМОСТЬ К ЛЮДЯМ']
ИСЛАМОФОБИЯ	["119563-N"]	['МИРОВОЗЗРЕНИЕ']
ИСТОРИОГРАФ	["21-N", "130749-N", "9223-N"]	['НАУЧНЫЙ РАБОТНИК', 'ГУМАНИТАРИЙ (СПЕЦИАЛИСТ)', 'ИСТОРИК']
КАБАРГА	["936-N", "108007-N"]	['ОЛЕНЬ', 'ПАРНОКОПЫТНЫЕ ЖИВОТНЫЕ']
КАБАРГА	["4091-N"]	['ДИКОЕ ЖИВОТНОЕ']
КАВАТИНА	["4235-N", "110123-N"]	['МУЗЫКАЛЬНОЕ ПРОИЗВЕДЕНИЕ', 'АРИЯ']
КАДИЛО	["6886-N", "106554-N"]	['ПРЕДМЕТ КУЛЬТА', 'ПРЕДМЕТ, ВЕЩЬ']
КАДИЛО	["107039-N"]	['СОСУД (ВМЕСТИЛИЩЕ)']
КАЗАРКА	["963-N", "5349-N"]	['ПТИЦА', 'ВОДОПЛАВАЮЩАЯ ПТИЦА']
КАЙТБОРДИНГ	["8138-N", "152298-N", "147123-N"]	['ВИД СПОРТА', 'ЭКСТРЕМАЛЬНЫЕ РАЗВЛЕЧЕНИЯ', 'ЭКСТРЕМАЛЬНЫЕ ВИДЫ СПОРТА']
КАЛОРИФЕР	["8061-N", "141972-N", "145136-N"]	['НАГРЕВАТЕЛЬНЫЙ ПРИБОР', 'ОБОГРЕВАТЕЛЬ ПОМЕЩЕНИЯ', 'КЛИМАТИЧЕСКОЕ ОБОРУДОВАНИЕ']
КАЛЬВИНИСТ	["4544-N", "8124-N"]	['ХРИСТИАНИН', 'ПРОТЕСТАНТ']
КАЛЬЦИТ	["112641-N", "143683-N", "3417-N"]	['ПОЛЕЗНЫЕ ИСКОПАЕМЫЕ', 'ПРИРОДНОЕ МИНЕРАЛЬНОЕ ОБРАЗОВАНИЕ', 'МИНЕРАЛ']
КАМЕНОЛОМНЯ	["3784-N", "145305-N", "107135-N", "107303-N"]	['ГОРНАЯ ВЫРАБОТКА', 'ОТКРЫТАЯ ГОРНАЯ ВЫРАБОТКА', 'ТЕРРИТОРИЯ, УЧАСТОК', 'УГЛУБЛЕНИЕ, ВЫЕМКА, ВПАДИНА']
КАМЕЯ	["153448-N", "107608-N"]	['ЛИЧНОЕ УКРАШЕНИЕ', 'УКРАШЕНИЕ (ПРЕДМЕТ)']
КАМЕЯ	["2832-N", "130019-N", "109873-N"]	['ЮВЕЛИРНОЕ ИЗДЕЛИЕ', 'НЕПРОДОВОЛЬСТВЕННЫЕ ТОВАРЫ', 'ИЗДЕЛИЕ']
КАМФОРА	["6514-N", "1067-N"]	['ЛЕЧЕБНОЕ СРЕДСТВО', 'МЕДИКАМЕНТ']
КАМФОРА	["820-N", "147134-N"]	['ВЕЩЕСТВО', 'ФИЗИЧЕСКАЯ СУЩНОСТЬ']
КАНДИЛЬ	["154384-N", "144185-N", "354-N"]	['СЕМЕЧКОВЫЙ ПЛОД', 'ЯБЛОКО', 'ФРУКТ']
КАНЦЕЛЯРИЗМ	["153483-N", "107521-N"]	['ЕДИНИЦА ЯЗЫКА', 'ЯЗЫКОВОЕ ВЫРАЖЕНИЕ']
КАПИТЕЛЬ	["106509-N", "108799-N"]	['СОСТАВНАЯ ЧАСТЬ', 'ВЕРХНЯЯ ЧАСТЬ']
КАПСТРАНА	["149182-N", "445-N"]	['ПУБЛИЧНО-ПРАВОВОЕ ОБРАЗОВАНИЕ', 'ГОСУДАРСТВО']
КАРАГАЧ	["3364-N", "108276-N"]	['ЛИСТВЕННОЕ ДЕРЕВО', 'ИЛЬМ']
КАРАМБОЛЬ	["107404-N", "152943-N"]	['УДАРИТЬ, НАНЕСТИ УДАР', 'УДАР В БИЛЬЯРДЕ']
КАРБУНКУЛ	["9014-N", "108862-N", "1054-N"]	['ГНОЙНО-СЕПТИЧЕСКОЕ ЗАБОЛЕВАНИЕ', 'ВОСПАЛЕНИЕ (БОЛЕЗНЕННЫЙ ПРОЦЕСС)', 'ИНФЕКЦИОННАЯ БОЛЕЗНЬ']
КАРБУНКУЛ	["3417-N", "144866-N", "103-N", "128017-N"]	['МИНЕРАЛ', 'ДРАГОЦЕННЫЕ МЕТАЛЛЫ И КАМНИ', 'ДРАГОЦЕННЫЙ КАМЕНЬ', 'СОКРОВИЩА']
КАРИАТИДА	["117753-N", "145619-N", "108659-N"]	['СТОЛБ (БРУС)', 'НЕСУЩИЕ КОНСТРУКЦИИ', 'КОЛОННА (СООРУЖЕНИЕ)']
КАРИАТИДА	["125117-N", "8429-N", "4741-N"]	['ФИГУРА (ИЗОБРАЖЕНИЕ)', 'СТАТУЯ', 'СКУЛЬПТУРНОЕ ПРОИЗВЕДЕНИЕ']
КАРТОДРОМ	["107218-N", "135754-N"]	['ПЛОЩАДКА (СООРУЖЕНИЕ)', 'АВТОДРОМ']
КАРШЕРИНГ	["255-N", "143472-N"]	['АРЕНДА', 'АРЕНДА ТРАНСПОРТНОГО СРЕДСТВА']
КАРШЕРИНГ	["170-N", "177-N", "3488-N"]	['ТРАНСПОРТНЫЕ ПЕРЕВОЗКИ', 'ГОРОДСКОЙ ТРАНСПОРТ', 'ОБЩЕСТВЕННЫЙ ТРАНСПОРТ']
КАТАЛОГИЗАЦИЯ	["112077-N", "112078-N"]	['СОБРАТЬ В ОДНОМ МЕСТЕ', 'СОСТАВИТЬ (СОБРАВ СОЕДИНИТЬ)']
КАТОРЖНИК	["142677-N", "142678-N"]	['ЛИЦО, ОТБЫВАЮЩЕЕ НАКАЗАНИЕ', 'ЛИЦО, ОТБЫВАЮЩЕЕ ЛИШЕНИЕ СВОБОДЫ']
КАЧАЛКА	["3240-N", "143461-N"]	['СПОРТИВНЫЙ ОБЪЕКТ', 'СПОРТИВНЫЙ ЗАЛ']
КАЧАЛКА	["152350-N", "121747-N", "131900-N"]	['РАЗВЛЕКАТЕЛЬНОЕ ОБОРУДОВАНИЕ', 'АТТРАКЦИОН (УСТРОЙСТВО)', 'КАЧЕЛИ']
КАЧАЛКА	["468-N"]	['ПРОМЫШЛЕННОЕ ОБОРУДОВАНИЕ']
КАЧАЛКА	["134084-N"]	['ПРИВОД (УСТРОЙСТВО)']
КВАКША	["9665-N", "9195-N"]	['ЛЯГУШКА', 'ЗЕМНОВОДНОЕ']
КЕДРАЧ	["9703-N", "258-N"]	['ХВОЙНЫЙ ЛЕС', 'ЛЕСНОЙ МАССИВ']
КЕЙТЕРИНГ	["1232-N", "150579-N", "7064-N", "132757-N"]	['ОБЩЕСТВЕННОЕ ПИТАНИЕ', 'ВЫЕЗДНОЕ ОБСЛУЖИВАНИЕ', 'ПРЕДОСТАВЛЕНИЕ УСЛУГ', 'ПИТАТЬСЯ, КОРМИТЬСЯ']
КЕССОН	["106553-N", "106555-N"]	['ПРИСПОСОБЛЕНИЕ, ИНСТРУМЕНТ', 'ТЕХНИЧЕСКОЕ УСТРОЙСТВО']
КЕССОН	["113890-N", "107511-N"]	['ВНУТРЕННЯЯ КАМЕРА УСТРОЙСТВА', 'ПОЛОСТЬ, ПОЛОЕ ПРОСТРАНСТВО']
КИЗИЛ	["144322-N", "107871-N", "107842-N", "144341-N"]	['КОСТОЧКОВЫЙ ПЛОД', 'ПЛОД РАСТЕНИЯ', 'ЯГОДА', 'ПЛОДОВО-ЯГОДНАЯ ПРОДУКЦИЯ']
КИЗИЛ	["988-N", "4339-N", "6104-N"]	['ДРЕВЕСНОЕ РАСТЕНИЕ', 'КУСТАРНИК', 'ДРЕВЕСНО-КУСТАРНИКОВАЯ ПОРОДА']
КИЗИЛ	["107840-N", "144253-N", "144309-N"]	['ЯГОДНАЯ КУЛЬТУРА', 'КОСТОЧКОВЫЕ ПЛОДОВЫЕ РАСТЕНИЯ', 'ПЛОДОВО-ЯГОДНАЯ КУЛЬТУРА']
КИПРЕЙ	["6862-N", "115372-N", "4789-N"]	['МНОГОЛЕТНИЕ ТРАВЫ', 'МЕДОНОС', 'ТРАВЯНИСТОЕ РАСТЕНИЕ']
КИСЕТ	["107038-N", "107048-N"]	['ВМЕСТИЛИЩЕ', 'МЕШОК (ВМЕСТИЛИЩЕ)']
КИТАЕВЕДЕНИЕ	["8716-N", "111514-N", "34-N"]	['ФИЛОЛОГИЯ', 'СТРАНОВЕДЕНИЕ', 'ВОСТОКОВЕДЕНИЕ']
КИШМИШ	["108544-N", "7519-N"]	['ИЗЮМ', 'СУХОФРУКТ']
КИШМИШ	["144247-N", "107842-N"]	['ВИНОГРАД (ПЛОД)', 'ЯГОДА']
КЛЕММА	["109873-N", "132864-N"]	['ИЗДЕЛИЕ', 'УСТАНОВОЧНЫЕ ИЗДЕЛИЯ']
КЛИРИНГ	["1245-N", "149747-N", "133204-N", "7064-N"]	['ПОСРЕДНИЧЕСКАЯ ДЕЯТЕЛЬНОСТЬ', 'ФИНАНСОВЫЕ УСЛУГИ', 'ФИНАНСОВОЕ ПОСРЕДНИЧЕСТВО', 'ПРЕДОСТАВЛЕНИЕ УСЛУГ']
КЛИРИНГ	["147768-N", "2181-N", "124851-N", "130027-N", "128511-N", "1333-N"]	['ФИНАНСОВЫЕ РАСЧЕТЫ', 'БАНКОВСКАЯ ОПЕРАЦИЯ', 'ЗАЧЕСТЬ, ЗАСЧИТАТЬ', 'ВЗАИМОРАСЧЕТ', 'ВЗАИМОЗАЧЕТ', 'БЕЗНАЛИЧНЫЙ РАСЧЕТ']
КЛИЧ	["116816-N", "115853-N"]	['ОБРАТИТЬСЯ СО СЛОВАМИ', 'ЗВАТЬ, ПОЗВАТЬ']
КЛИЧ	["107102-N", "107103-N"]	['ГОЛОС (СОВОКУПНОСТЬ ЗВУКОВ)', 'КРИК']
КНИГОЧЕЙ	["124232-N", "110091-N"]	['КНИГОЛЮБ', 'ЛЮБИТЕЛЬ (ИМЕЮЩИЙ СКЛОННОСТЬ)']
КОАЛА	["128765-N", "934-N", "110754-N"]	['АВСТРАЛИЙСКОЕ ЖИВОТНОЕ', 'МЛЕКОПИТАЮЩЕЕ', 'СУМЧАТОЕ МЛЕКОПИТАЮЩЕЕ']
КОВОРКИНГ	["3265-N", "140569-N"]	['СЛУЖЕБНОЕ ПОМЕЩЕНИЕ', 'ОФИС']
КОГЕНЕРАЦИЯ	["143560-N", "154977-N", "143559-N"]	['ПРОИЗВОДСТВО ЭЛЕКТРОЭНЕРГИИ', 'ПРОИЗВОДСТВО ТЕПЛОВОЙ ЭНЕРГИИ', 'ПРОИЗВОДСТВО ЭНЕРГИИ']
КОЗЛЫ	["3203-N", "106451-N", "106623-N", "109023-N", "126467-N", "106553-N", "1320-N", "106554-N"]	['СТРОИТЕЛЬНОЕ ОБОРУДОВАНИЕ', 'МЕСТО В ПРОСТРАНСТВЕ', 'ОПОРА, ОПОРНАЯ ЧАСТЬ', 'ПОДСТАВКА', 'СИДЕНИЕ (МЕСТО)', 'ПРИСПОСОБЛЕНИЕ, ИНСТРУМЕНТ', 'ОБОРУДОВАНИЕ', 'ПРЕДМЕТ, ВЕЩЬ']
КОЗОДОЙ	["7396-N", "5681-N"]	['ПЕРЕЛЕТНАЯ ПТИЦА', 'ДИКАЯ ПТИЦА']
КОЛЛИ	["107746-N", "5906-N"]	['ОВЧАРКА', 'СЛУЖЕБНАЯ СОБАКА']
КОЛОРИСТ	["113185-N", "1416-N"]	['ХУДОЖНИК (АВТОР ИЗОБРАЗИТЕЛЬНОГО ПРОИЗВЕДЕНИЯ)', 'ЖИВОПИСЕЦ']
КОЛЬРАБИ	["144176-N", "6878-N"]	['КАПУСТНАЯ КУЛЬТУРА', 'ОВОЩНАЯ КУЛЬТУРА']
КОМБРИГ	["889-N", "8414-N"]	['ДОЛЖНОСТЬ', 'ВОИНСКАЯ ДОЛЖНОСТЬ']
КОМБРИГ	["813-N", "106609-N", "112315-N", "812-N"]	['КОМАНДУЮЩИЙ', 'НАЧАЛЬНИК', 'КОМАНДИР (НАЧАЛЬНИК)', 'ВОЕННЫЙ РУКОВОДИТЕЛЬ']
КОМИССИОНКА	["3946-N", "2302-N"]	['ПРЕДПРИЯТИЕ РОЗНИЧНОЙ ТОРГОВЛИ', 'МАГАЗИН']
КОМПОСТИРОВАНИЕ	["114818-N", "111980-N"]	['ПЕРЕГНИТЬ, ДОГНИТЬ', 'ГНИЕНИЕ']
КОНДОМИНИУМ	["6321-N", "124206-N", "7670-N"]	['СОВМЕСТНАЯ СОБСТВЕННОСТЬ', 'ФОРМА СОБСТВЕННОСТИ', 'ОБЩАЯ СОБСТВЕННОСТЬ']
КОНСПИРОЛОГИЯ	["130080-N"]	['ПРОЯСНИТЬ, ВНЕСТИ ЯСНОСТЬ']
КОНСПИРОЛОГИЯ	["106542-N", "106895-N"]	['СООБЩИТЬ, УВЕДОМИТЬ', 'ОБЪЯСНИТЬ, РАЗЪЯСНИТЬ']
КОНТОРКА	["128525-N", "107294-N"]	['ПИСЬМЕННЫЙ СТОЛ', 'СТОЛ']
КОНТРАМАРКА	["120782-N", "122046-N", "111708-N", "141277-N", "2428-N"]	['ПРОПУСК (ДОКУМЕНТ)', 'ТАЛОН', 'ЛИСТ БУМАГИ', 'РАЗРЕШИТЕЛЬНЫЙ ДОКУМЕНТ', 'ДОКУМЕНТ']
КОНФУЦИАНСТВО	["121514-N", "119563-N", "2201-N", "132973-N"]	['УЧЕНИЕ (СОВОКУПНОСТЬ ТЕОРЕТИЧ. ПОЛОЖЕНИЙ)', 'МИРОВОЗЗРЕНИЕ', 'РЕЛИГИЯ', 'ФИЛОСОФСКОЕ УЧЕНИЕ']
КОРЕЙКА	["108354-N", "108355-N", "143722-N"]	['МЯСНЫЕ ПРОДУКТЫ', 'КОПЧЕНЫЕ МЯСНЫЕ ПРОДУКТЫ', 'КОПЧЕНЫЕ ПРОДУКТЫ']
КОРОНАРОГРАФИЯ	["5189-N", "9767-N", "1063-N"]	['ФОТОСЪЕМКА', 'РЕНТГЕНОДИАГНОСТИКА', 'МЕДИЦИНСКОЕ ОБСЛЕДОВАНИЕ']
КОРОСТЕЛЬ	["7396-N", "5681-N"]	['ПЕРЕЛЕТНАЯ ПТИЦА', 'ДИКАЯ ПТИЦА']
КОСМЫ	["108783-N", "121266-N"]	['ПРЯДЬ ВОЛОС', 'ПУК, ПУЧОК']
КОСОГОР	["109960-N", "109957-N"]	['НАКЛОННАЯ ПОВЕРХНОСТЬ', 'СКЛОН (НАКЛОННАЯ ПОВЕРХНОСТЬ)']
КОТИЛЬОН	["108179-N", "124186-N"]	['ТАНЕЦ', 'БАЛЬНЫЙ ТАНЕЦ']
КОШАРА	["4428-N", "132303-N", "111506-N"]	['ЖИВОТНОВОДЧЕСКОЕ ПОМЕЩЕНИЕ', 'СЕЛЬСКОХОЗЯЙСТВЕННОЕ ПОМЕЩЕНИЕ', 'ПОМЕЩЕНИЕ ДЛЯ ЖИВОТНЫХ']
КРАБОЛОВ	["126289-N", "150555-N"]	['ЛОВЕЦ (ЧЕЛОВЕК)', 'ЧЕЛОВЕК ПО СФЕРЕ ДЕЯТЕЛЬНОСТИ']
КРАСНОДЕРЕВЩИК	["110125-N", "8770-N"]	['РАБОЧИЙ, РАБОТНИК ФИЗИЧЕСКОГО ТРУДА', 'СТОЛЯР']
КРАСНОДЕРЕВЩИК	["126688-N", "129959-N"]	['МЕБЕЛЬЩИК (РАБОТНИК)', 'РАБОТНИК ПРОМЫШЛЕННОСТИ']
КРАУДФАНДИНГ	["118193-N", "112144-N", "1263-N", "1270-N"]	['ВЫДЕЛИТЬ (ПРЕДОСТАВИТЬ)', 'ОБЕСПЕЧИТЬ, СНАБДИТЬ', 'ФИНАНСИРОВАНИЕ', 'ФИНАНСОВАЯ ДЕЯТЕЛЬНОСТЬ']
КРАУДФАНДИНГ	["106501-N", "144027-N"]	['ЗАНЯТИЕ, ДЕЯТЕЛЬНОСТЬ', 'СОВМЕСТНАЯ ДЕЯТЕЛЬНОСТЬ']
КРЕСТНИЦА	["4544-N", "4474-N"]	['ХРИСТИАНИН', 'ВЕРУЮЩИЙ']
КРЕСТНИЦА	["2149-N", "756-N"]	['ЧЕЛОВЕК', 'ЖЕНЩИНА, ЧЕЛОВЕК ЖЕНСКОГО ПОЛА']
КРИЛЬ	["1231-N", "9650-N"]	['РЫБНАЯ ПРОДУКЦИЯ', 'МОРЕПРОДУКТЫ']
КРИЛЬ	["107850-N", "9061-N", "9355-N", "5060-N", "5490-N"]	['ЧЛЕНИСТОНОГОЕ', 'МОРСКИЕ БИОРЕСУРСЫ', 'МОРСКОЕ ЖИВОТНОЕ', 'ВОДНОЕ ЖИВОТНОЕ', 'РАКООБРАЗНЫЕ']
КРИПТОН	["2868-N", "461-N", "3640-N", "131273-N", "10108-N"]	['ХИМИЧЕСКИЙ ЭЛЕМЕНТ', 'ГАЗООБРАЗНОЕ ВЕЩЕСТВО', 'ИНЕРТНЫЙ ГАЗ', 'НЕМЕТАЛЛЫ', 'НЕОРГАНИЧЕСКОЕ ВЕЩЕСТВО']
КРИТИКАНСТВО	["112339-N", "106809-N"]	['ПРИДРАТЬСЯ', 'УПРЕКАТЬ, УКОРЯТЬ']
КРИТИКАНСТВО	["120000-N", "112963-N"]	['КРИТИКОВАТЬ (ОСУЖДАТЬ)', 'ОСУДИТЬ, ВЫРАЗИТЬ НЕОДОБРЕНИЕ']
КРОВНИК	["154061-N", "107555-N"]	['ПРОТИВОСТОЯЩАЯ СТОРОНА', 'ВРАГ, ПРОТИВНИК']
КРОВНИК	["152714-N"]	['ЧЕЛОВЕК ПО РОЛИ']
КРОВНИК	["113855-N"]	['МСТИТЕЛЬ']
КРОЛИКОВОД	["343-N", "4862-N"]	['СЕЛЬСКОХОЗЯЙСТВЕННЫЙ РАБОТНИК', 'ЖИВОТНОВОД']
КРОЛЬЧАТНИК	["4428-N", "132303-N", "111506-N"]	['ЖИВОТНОВОДЧЕСКОЕ ПОМЕЩЕНИЕ', 'СЕЛЬСКОХОЗЯЙСТВЕННОЕ ПОМЕЩЕНИЕ', 'ПОМЕЩЕНИЕ ДЛЯ ЖИВОТНЫХ']
КРУЖЕВОПЛЕТЕНИЕ	["106557-N", "111466-N", "106495-N"]	['СОЕДИНИТЬ В ОДНО ЦЕЛОЕ', 'ПЛЕСТИ ИЗ ПОЛОС, НИТЕЙ', 'ИЗГОТОВИТЬ, ВЫРАБОТАТЬ']
КРУЖЕВОПЛЕТЕНИЕ	["135156-N", "126586-N", "134697-N", "2154-N", "5193-N", "134618-N"]	['ПРОМЫСЕЛ (САМОЗАНЯТОСТЬ)', 'РЕМЕСЛО  (ПРОФЕССИОНАЛЬНОЕ ЗАНЯТИЕ)', 'РУЧНОЙ ТРУД', 'ХУДОЖЕСТВЕННЫЙ ПРОМЫСЕЛ', 'ДЕКОРАТИВНО-ПРИКЛАДНОЕ ИСКУССТВО', 'РУКОДЕЛИЕ']
КРУШИНА	["144172-N", "4339-N"]	['РАСТЕНИЕ', 'КУСТАРНИК']
КРЫЛАТКА	["148475-N", "107871-N"]	['СУХОЙ ПЛОД', 'ПЛОД РАСТЕНИЯ']
КРЫЛАТКА	["5123-N", "107950-N"]	['ТЮЛЕНЬ', 'ЛАСТОНОГОЕ ЖИВОТНОЕ']
КРЯКВА	["5681-N", "7396-N", "963-N", "145929-N", "141894-N", "5349-N"]	['ДИКАЯ ПТИЦА', 'ПЕРЕЛЕТНАЯ ПТИЦА', 'ПТИЦА', 'ОХОТНИЧЬЕ-ПРОМЫСЛОВЫЕ ЖИВОТНЫЕ', 'ПЕРНАТАЯ ДИЧЬ', 'ВОДОПЛАВАЮЩАЯ ПТИЦА']
КУБИЗМ	["124905-N", "113355-N"]	['АВАНГАРДИЗМ, АВАНГАРДНОЕ ИСКУССТВО', 'ФОРМАЛИЗМ В ИСКУССТВЕ']
КУКУРУЗНИК	["137876-N", "142555-N", "212-N"]	['АВИАЦИОННАЯ ТЕХНИКА', 'АВИАТРАНСПОРТНОЕ СРЕДСТВО', 'САМОЛЕТ']
КУЛЬМАН	["113634-N"]	['ЧЕРТЕЖНЫЙ ИНСТРУМЕНТ']
КУЛЬМАН	["3-N"]	['ЭЛЕКТРОСТАНЦИЯ']
КУПОРОС	["143301-N", "110404-N", "109594-N"]	['СОЕДИНЕНИЕ СЕРЫ', 'СУЛЬФАТ', 'СОЛЬ (ХИМИЧЕСКОЕ СОЕДИНЕНИЕ)']
КУСАЧКИ	["113680-N", "139389-N"]	['ЩИПЦЫ', 'РУЧНОЙ ИНСТРУМЕНТ']
ЛАГ	["106555-N", "5383-N"]	['ТЕХНИЧЕСКОЕ УСТРОЙСТВО', 'НАВИГАЦИОННОЕ ОБОРУДОВАНИЕ']
ЛАГ	["3648-N", "139789-N"]	['ИЗМЕРИТЕЛЬНЫЙ ПРИБОР', 'СУДОВОЙ ПРИБОР']
ЛАКТАЦИЯ	["125011-N", "120550-N", "152470-N"]	['ФИЗИОЛОГИЧЕСКИЙ ПРОЦЕСС', 'ВЫДЕЛИТЬ ИЗ ОРГАНИЗМА', 'ВЫДЕЛЕНИЕ ВЕЩЕСТВА, ЭНЕРГИИ']
ЛАНГУСТ	["1231-N", "9650-N"]	['РЫБНАЯ ПРОДУКЦИЯ', 'МОРЕПРОДУКТЫ']
ЛАНГУСТ	["107850-N", "9061-N", "9355-N", "5060-N", "5490-N"]	['ЧЛЕНИСТОНОГОЕ', 'МОРСКИЕ БИОРЕСУРСЫ', 'МОРСКОЕ ЖИВОТНОЕ', 'ВОДНОЕ ЖИВОТНОЕ', 'РАКООБРАЗНЫЕ']
ЛЕБЕДА	["4789-N", "4201-N"]	['ТРАВЯНИСТОЕ РАСТЕНИЕ', 'СОРНОЕ РАСТЕНИЕ']
ЛЕГИОНЕЛЛА	["4146-N", "112546-N", "146293-N"]	['БАКТЕРИЯ', 'БАЦИЛЛА', 'БОЛЕЗНЕТВОРНЫЙ МИКРООРГАНИЗМ']
ЛЕЖБИЩЕ	["107135-N", "106451-N"]	['ТЕРРИТОРИЯ, УЧАСТОК', 'МЕСТО В ПРОСТРАНСТВЕ']
ЛЕММИНГ	["4091-N", "5669-N", "934-N"]	['ДИКОЕ ЖИВОТНОЕ', 'ГРЫЗУН', 'МЛЕКОПИТАЮЩЕЕ']
ЛЕНИНИЗМ	["145084-N", "123753-N", "124646-N", "6639-N"]	['КОММУНИСТИЧЕСКОЕ УЧЕНИЕ', 'МАТЕРИАЛИЗМ', 'МАРКСИЗМ', 'ПОЛИТИЧЕСКОЕ ТЕЧЕНИЕ']
ЛЕСОВЕДЕНИЕ	["106562-N", "20-N"]	['СФЕРА ДЕЯТЕЛЬНОСТИ', 'НАУКА']
ЛЖЕМИНИРОВАНИЕ	["647-N", "637-N"]	['ПРАВОНАРУШЕНИЕ', 'ПРЕСТУПЛЕНИЕ']
ЛИБРЕТТИСТ	["2720-N", "111816-N"]	['АВТОР', 'СОЗДАТЕЛЬ']
ЛИЛИЯ	["965-N"]	['ЦВЕТКОВОЕ РАСТЕНИЕ']
ЛИЛИЯ	["107867-N", "4789-N"]	['ЛУКОВИЧНОЕ РАСТЕНИЕ', 'ТРАВЯНИСТОЕ РАСТЕНИЕ']
ЛИНОГРАВЮРА	["5663-N", "4908-N", "107182-N"]	['ГРАВЮРА', 'ПРОИЗВЕДЕНИЕ ИЗОБРАЗИТЕЛЬНОГО ИСКУССТВА', 'ИЗОБРАЖЕНИЕ (РЕЗУЛЬТАТ)']
ЛИПОМА	["4392-N", "144274-N"]	['ОПУХОЛЬ', 'ДОБРОКАЧЕСТВЕННАЯ ОПУХОЛЬ']
ЛИСТЕРИЯ	["4146-N", "4145-N"]	['БАКТЕРИЯ', 'МИКРООРГАНИЗМ']
ЛИФ	["106509-N", "133133-N", "147133-N"]	['СОСТАВНАЯ ЧАСТЬ', 'ДЕТАЛЬ ОДЕЖДЫ', 'ФИЗИЧЕСКИЙ ОБЪЕКТ']
ЛОБСТЕР	["1231-N", "9650-N"]	['РЫБНАЯ ПРОДУКЦИЯ', 'МОРЕПРОДУКТЫ']
ЛОБСТЕР	["107850-N", "9061-N", "9355-N", "5060-N", "5490-N"]	['ЧЛЕНИСТОНОГОЕ', 'МОРСКИЕ БИОРЕСУРСЫ', 'МОРСКОЕ ЖИВОТНОЕ', 'ВОДНОЕ ЖИВОТНОЕ', 'РАКООБРАЗНЫЕ']
ЛОДОЧНИК	["110746-N", "152714-N", "150555-N", "2149-N"]	['ГРЕБЕЦ', 'ЧЕЛОВЕК ПО РОЛИ', 'ЧЕЛОВЕК ПО СФЕРЕ ДЕЯТЕЛЬНОСТИ', 'ЧЕЛОВЕК']
ЛОДОЧНИК	["117113-N"]	['ПЕРЕВОЗЧИК']
ЛОНЖЕРОН	["143441-N", "143440-N"]	['ЧАСТЬ ЛЕТАТЕЛЬНОГО АППАРАТА', 'ЧАСТЬ ТРАНСПОРТНОГО СРЕДСТВА']
ЛОУКОСТЕР	["168-N", "5223-N"]	['ТРАНСПОРТНОЕ ПРЕДПРИЯТИЕ', 'АВИАЦИОННАЯ КОМПАНИЯ']
ЛЬГОТИРОВАНИЕ	["118698-N", "107692-N"]	['ДЕЙСТВИЕ, ЦЕЛЕНАПРАВЛЕННОЕ ДЕЙСТВИЕ', 'ДАТЬ ВОЗМОЖНОСТЬ, ПОЗВОЛИТЬ']
ЛЮБВЕОБИЛЬНОСТЬ	["106769-N", "106924-N"]	['ОТЛИЧИТЕЛЬНОЕ СВОЙСТВО', 'ЧЕРТА ХАРАКТЕРА']
ЛЮРЕКС	["108669-N", "106554-N"]	['НИТЬ (ПРЕДМЕТ)', 'ПРЕДМЕТ, ВЕЩЬ']
ЛЯЗГ	["126008-N", "106945-N"]	['ФИЗИЧЕСКОЕ ЯВЛЕНИЕ, ПРОЦЕСС', 'ЗВУК']
МАГИСТРАНТ	["762-N", "2196-N"]	['СТУДЕНТ', 'УЧАЩИЙСЯ']
МАГНИТИК	["129232-N", "106554-N"]	['ПАМЯТНЫЙ СУВЕНИР', 'ПРЕДМЕТ, ВЕЩЬ']
МАЗОК	["106451-N", "107573-N"]	['МЕСТО В ПРОСТРАНСТВЕ', 'ПЯТНО НА ПОВЕРХНОСТИ']
МАЗОК	["128166-N", "133167-N", "1063-N"]	['АНАЛИЗ СОСТАВА ВЕЩЕСТВА', 'МЕДИЦИНСКИЙ АНАЛИЗ', 'МЕДИЦИНСКОЕ ОБСЛЕДОВАНИЕ']
МАЙОЛИКА	["5600-N", "106536-N"]	['КЕРАМИЧЕСКИЕ МАТЕРИАЛЫ', 'МАТЕРИАЛ ДЛЯ ИЗГОТОВЛЕНИЯ']
МАЛИННИК	["106451-N", "113085-N", "2594-N"]	['МЕСТО В ПРОСТРАНСТВЕ', 'ЗАРОСЛЬ', 'ЗЕМЕЛЬНЫЙ УЧАСТОК']
МАМАЛЫГА	["6023-N", "107778-N"]	['КАША', 'КУШАНЬЕ']
МАНДОЛИНА	["1450-N", "1449-N", "107996-N"]	['НАРОДНЫЙ ИНСТРУМЕНТ', 'МУЗЫКАЛЬНЫЙ ИНСТРУМЕНТ', 'СТРУННЫЙ МУЗЫКАЛЬНЫЙ ИНСТРУМЕНТ']
МАНОМЕТР	["3648-N", "2489-N", "2754-N"]	['ИЗМЕРИТЕЛЬНЫЙ ПРИБОР', 'ИЗМЕРИТЕЛЬНОЕ ОБОРУДОВАНИЕ', 'ПРИБОР']
МАРАКАС	["1449-N", "7992-N"]	['МУЗЫКАЛЬНЫЙ ИНСТРУМЕНТ', 'УДАРНЫЙ МУЗЫКАЛЬНЫЙ ИНСТРУМЕНТ']
МАРЖА	["106482-N", "110692-N"]	['РЕЗУЛЬТАТ, ИТОГ', 'РАЗНОСТЬ (ИТОГ ВЫЧИТАНИЯ)']
МАРТЕН	["133887-N", "3683-N"]	['СТАЛЕПЛАВИЛЬНОЕ ОБОРУДОВАНИЕ', 'МЕТАЛЛУРГИЧЕСКОЕ ОБОРУДОВАНИЕ']
МАСТИФ	["143352-N", "115936-N"]	['ПОРОДА СОБАК', 'ПОРОДА ЖИВОТНЫХ']
МАСТИФ	["5906-N"]	['СЛУЖЕБНАЯ СОБАКА']
МАХОРКА	["114266-N", "146037-N"]	['ТАБАК (ПРОДУКТ)', 'КУРИТЕЛЬНЫЙ ТАБАК']
МАШИНОВЕДЕНИЕ	["3101-N", "4713-N"]	['ТЕХНИЧЕСКИЕ НАУКИ', 'ПРИКЛАДНЫЕ НАУКИ']
МЕДИАНА	["107132-N", "113845-N"]	['УЧАСТОК, ОТРЕЗОК, КУСОК (ЧАСТЬ РАССТОЯНИЯ)', 'ОТРЕЗОК ПРЯМОЙ ЛИНИИ']
МЕЗАЛЬЯНС	["6555-N", "2485-N", "129738-N"]	['СЕМЕЙНО-БРАЧНЫЕ ОТНОШЕНИЯ', 'СУПРУЖЕСТВО', 'БЛИЗКИЕ ОТНОШЕНИЯ']
МЕЛАНЖ	["1011-N", "959-N"]	['ЯДОВИТОЕ ВЕЩЕСТВО', 'ВРЕДНОЕ ВЕЩЕСТВО']
МЕЛАНЖ	["6382-N", "146236-N"]	['ПРОДОВОЛЬСТВИЕ', 'ПИЩЕВОЕ СЫРЬЕ']
МЕЛАНЖ	["131302-N", "8324-N", "7837-N"]	['ТЕКСТИЛЬНАЯ НИТЬ', 'ТЕКСТИЛЬНОЕ ВОЛОКНО', 'ПРЯЖА']
МЕЛАНЖ	["109704-N", "107460-N"]	['СМЕСЬ (ВЕЩЕСТВО)', 'СОСТАВ (ПРОДУКТ СОЕДИНЕНИЯ)']
МЕЛИРОВАНИЕ	["107458-N", "106631-N", "107325-N"]	['КРАСИТЬ, ПОКРЫВАТЬ КРАСКОЙ', 'ИЗМЕНИТЬ, СДЕЛАТЬ ИНЫМ', 'ПОКРЫТЬ ПОВЕРХНОСТЬ']
МЕЛИРОВАНИЕ	["135041-N", "1250-N", "10137-N"]	['РАБОТЫ (ТРУДОВАЯ ДЕЯТЕЛЬНОСТЬ)', 'БЫТОВОЕ ОБСЛУЖИВАНИЕ', 'ПАРИКМАХЕРСКИЕ РАБОТЫ']
МЕЛЬТЕШЕНИЕ	["114934-N"]	['РАЗДРАЖИТЬ, ВЫЗВАТЬ РАЗДРАЖЕНИЕ']
МЕЛЬТЕШЕНИЕ	["111329-N", "118473-N"]	['ПОЯВИТЬСЯ, ПОКАЗАТЬСЯ', 'МЕЛЬКАТЬ ПЕРЕД ГЛАЗАМИ']
МЕМУАРЫ	["1447-N", "4488-N", "107667-N"]	['ПРОИЗВЕДЕНИЕ ИСКУССТВА', 'ЛИТЕРАТУРНОЕ ПРОИЗВЕДЕНИЕ', 'СОЧИНЕНИЕ (ТО, ЧТО СОЧИНЕНО)']
МЕМУАРЫ	["107658-N", "137322-N"]	['РАССКАЗ (СЛОВЕСНОЕ ИЗЛОЖЕНИЕ)', 'ВОСПОМИНАНИЯ (ЗАПИСКИ ИЛИ РАССКАЗЫ О ПРОШЛОМ)']
МЕНУЭТ	["108179-N", "124186-N"]	['ТАНЕЦ', 'БАЛЬНЫЙ ТАНЕЦ']
МЕРИНОС	["107772-N", "4406-N", "940-N"]	['ЖВАЧНОЕ ЖИВОТНОЕ', 'РОГАТЫЙ СКОТ', 'ОВЦА']
МЕТРОЛОГ	["152714-N"]	['ЧЕЛОВЕК ПО РОЛИ']
МЕТРОЛОГ	["2550-N"]	['РАБОТНИК']
МИКОЛОГ	["21-N", "9033-N"]	['НАУЧНЫЙ РАБОТНИК', 'БИОЛОГ']
МИКРОЦИРКУЛЯЦИЯ	["112144-N", "146921-N"]	['ОБЕСПЕЧИТЬ, СНАБДИТЬ', 'КРОВОСНАБЖЕНИЕ']
МИНВАТА	["2409-N", "133840-N"]	['ЗАЩИТНЫЕ МАТЕРИАЛЫ', 'ИЗОЛЯЦИОННЫЕ МАТЕРИАЛЫ']
МИНВАТА	["130019-N", "61-N", "106536-N"]	['НЕПРОДОВОЛЬСТВЕННЫЕ ТОВАРЫ', 'СТРОИТЕЛЬНЫЕ МАТЕРИАЛЫ', 'МАТЕРИАЛ ДЛЯ ИЗГОТОВЛЕНИЯ']
МИННАЦ	["1559-N", "3867-N"]	['МИНИСТЕРСТВО', 'ОРГАН ИСПОЛНИТЕЛЬНОЙ ВЛАСТИ']
МИОКАРДИТ	["108862-N", "7390-N", "6129-N", "616-N"]	['ВОСПАЛЕНИЕ (БОЛЕЗНЕННЫЙ ПРОЦЕСС)', 'БОЛЕЗНЬ СЕРДЦА', 'СЕРДЕЧНО-СОСУДИСТЫЕ ЗАБОЛЕВАНИЯ', 'БОЛЕЗНЬ']
МИСТИФИКАТОР	["111212-N", "111320-N"]	['ПЛОХОЙ ЧЕЛОВЕК', 'ОБМАНЩИК']
МНОГОЖЕНЕЦ	["766-N", "2452-N", "153536-N"]	['МУЖ', 'СУПРУГИ', 'ВЗРОСЛЫЙ МУЖЧИНА']
МНОГОПОЛЯРНОСТЬ	["106491-N", "151147-N"]	['ПОРЯДОК (СОСТОЯНИЕ)', 'МИРОПОРЯДОК']
МОГУЛ	["129914-N", "2350-N", "9844-N"]	['ФРИСТАЙЛ', 'ГОРНЫЕ ЛЫЖИ (СПОРТ)', 'ЗИМНИЕ ВИДЫ СПОРТА']
МОДЕРАЦИЯ	["111943-N", "111944-N"]	['ОГРАНИЧИТЬ', 'НАЗНАЧИТЬ, УСТАНОВИТЬ, ОПРЕДЕЛИТЬ']
МОДЕРАЦИЯ	["111361-N", "142811-N", "106695-N"]	['ИСПРАВИТЬ НЕДОСТАТКИ, ОШИБКИ', 'РЕДАКТИРОВАНИЕ ТЕКСТА', 'ПРОВЕРИТЬ, УДОСТОВЕРИТЬСЯ В ПРАВИЛЬНОСТИ']
МОЛОЗИВО	["110869-N", "5992-N"]	['ВЫДЕЛЕНИЯ ИЗ ОРГАНИЗМА', 'ОРГАНИЧЕСКОЕ ВЕЩЕСТВО']
МОЛОЧАЙ	["144172-N", "4789-N"]	['РАСТЕНИЕ', 'ТРАВЯНИСТОЕ РАСТЕНИЕ']
МОНОКЛЬ	["1068-N", "3471-N", "106555-N", "3470-N", "1320-N"]	['МЕДИЦИНСКАЯ ПРОДУКЦИЯ', 'МЕДИЦИНСКАЯ ОПТИКА', 'ТЕХНИЧЕСКОЕ УСТРОЙСТВО', 'ОПТИЧЕСКОЕ ОБОРУДОВАНИЕ', 'ОБОРУДОВАНИЕ']
МОНОНУКЛЕОЗ	["2046-N", "1054-N"]	['ВИРУСНАЯ БОЛЕЗНЬ', 'ИНФЕКЦИОННАЯ БОЛЕЗНЬ']
МОНУМЕНТАЛИСТ	["2720-N", "8848-N", "113185-N"]	['АВТОР', 'ДЕЯТЕЛЬ ИСКУССТВА', 'ХУДОЖНИК (АВТОР ИЗОБРАЗИТЕЛЬНОГО ПРОИЗВЕДЕНИЯ)']
МОРЖЕВАНИЕ	["111093-N", "128527-N"]	['ПЛЫТЬ (ПЕРЕДВИГАТЬСЯ ПО ВОДЕ)', 'ПЛАВАНИЕ']
МОРОЖЕНОЕ	["107778-N", "107831-N"]	['КУШАНЬЕ', 'СЛАДКОЕ КУШАНЬЕ']
МОРОЖЕНОЕ	["371-N", "3545-N"]	['МОЛОЧНАЯ ПРОДУКЦИЯ', 'МЯСОМОЛОЧНЫЕ ПРОДУКТЫ']
МОРТИРА	["785-N", "4732-N", "3487-N"]	['ОГНЕСТРЕЛЬНОЕ ОРУЖИЕ', 'АРТИЛЛЕРИЙСКОЕ ОРУДИЕ', 'ОБЫЧНЫЕ ВООРУЖЕНИЯ']
МОТОВОЗ	["2313-N", "3807-N"]	['ПОДВИЖНОЙ СОСТАВ ЖЕЛЕЗНОДОРОЖНОГО ТРАНСПОРТА', 'ЛОКОМОТИВ']
МОТЫГА	["126886-N", "106553-N", "139389-N", "126887-N"]	['САДОВО-ОГОРОДНЫЙ ИНВЕНТАРЬ', 'ПРИСПОСОБЛЕНИЕ, ИНСТРУМЕНТ', 'РУЧНОЙ ИНСТРУМЕНТ', 'СЕЛЬСКОХОЗЯЙСТВЕННЫЙ ИНВЕНТАРЬ']
МОШКАРА	["122221-N", "5654-N", "133570-N"]	['КРОВОСОСУЩЕЕ НАСЕКОМОЕ', 'ГНУС', 'ДВУКРЫЛОЕ НАСЕКОМОЕ']
МУЗЕЕФИКАЦИЯ	["106501-N", "5849-N"]	['ЗАНЯТИЕ, ДЕЯТЕЛЬНОСТЬ', 'КУЛЬТУРНО-ПРОСВЕТИТЕЛЬСКАЯ ДЕЯТЕЛЬНОСТЬ']
МУКОЕД	["4609-N", "4203-N", "146129-N"]	['НАСЕКОМОЕ', 'ВРЕДНОЕ НАСЕКОМОЕ', 'ВРЕДНЫЙ ОРГАНИЗМ']
МУЛИНЕ	["4503-N", "131302-N", "108669-N"]	['ТЕКСТИЛЬНАЯ ПРОДУКЦИЯ', 'ТЕКСТИЛЬНАЯ НИТЬ', 'НИТЬ (ПРЕДМЕТ)']
МУЛЬТИКУЛЬТУРНОСТЬ	["604-N", "599-N", "137766-N"]	['СОЦИАЛЬНАЯ ПОЛИТИКА', 'НАЦИОНАЛЬНАЯ ПОЛИТИКА', 'ВНУТРЕННЯЯ ПОЛИТИКА']
МУМИФИКАЦИЯ	["130670-N", "106951-N", "106629-N"]	['ПЕРЕЙТИ В ДРУГОЕ СОСТОЯНИЕ, ПОЛОЖЕНИЕ', 'ПРЕВРАТИТЬСЯ', 'ИЗМЕНИТЬСЯ, ИЗМЕНЕНИЕ']
МУМИФИКАЦИЯ	["106626-N", "110437-N"]	['БЕРЕЧЬ, СОДЕРЖАТЬ В ЦЕЛОСТИ', 'СОХРАНИТЬ, СБЕРЕЧЬ']
МУХОБОЙКА	["116836-N", "111386-N"]	['ДАВИТЬ НАСЕКОМЫХ', 'УБИТЬ, ЛИШИТЬ ЖИЗНИ']
МУШТРА	["106542-N", "118370-N"]	['СООБЩИТЬ, УВЕДОМИТЬ', 'УЧИТЬ, ОБУЧАТЬ']
МЯКИШ	["106509-N", "123457-N"]	['СОСТАВНАЯ ЧАСТЬ', 'ВНУТРЕННОСТЬ, ВНУТРЕННЯЯ ЧАСТЬ']
НАБЕРЕЖНАЯ	["109194-N", "109215-N"]	['УЛИЦА В НАСЕЛЕННОМ ПУНКТЕ', 'ДОРОГА (ПУТЬ СООБЩЕНИЯ)']
НАГУЛ	["132757-N", "106934-N"]	['ПИТАТЬСЯ, КОРМИТЬСЯ', 'ЕСТЬ, ПРИНИМАТЬ ПИЩУ']
НАГУЛ	["2116-N", "2704-N"]	['ЭКОНОМИЧЕСКИЙ ПОКАЗАТЕЛЬ', 'СЕЛЬСКОХОЗЯЙСТВЕННЫЙ ПОКАЗАТЕЛЬ']
НАГУЛ	["118994-N"]	['ТОЛСТЕТЬ, ПОЛНЕТЬ']
НАДОМНИК	["152714-N"]	['ЧЕЛОВЕК ПО РОЛИ']
НАДОМНИК	["2550-N"]	['РАБОТНИК']
НАКОПИТЕЛЬСТВО	["106927-N", "106476-N"]	['СИЛЬНОЕ ЖЕЛАНИЕ, ЖАЖДА', 'СТРЕМЛЕНИЕ, ЖЕЛАНИЕ']
НАКОПИТЕЛЬСТВО	["112077-N", "116549-N"]	['СОБРАТЬ В ОДНОМ МЕСТЕ', 'КОПИТЬ, НАКАПЛИВАТЬ']
НАМОЛОТ	["2116-N", "2704-N"]	['ЭКОНОМИЧЕСКИЙ ПОКАЗАТЕЛЬ', 'СЕЛЬСКОХОЗЯЙСТВЕННЫЙ ПОКАЗАТЕЛЬ']
НАПЕРСТОЧНИК	["8117-N", "639-N", "111320-N"]	['МОШЕННИК', 'ПРЕСТУПНИК', 'ОБМАНЩИК']
НАРОДНИЧЕСТВО	["3490-N", "3142-N"]	['ОБЩЕСТВЕННАЯ ДЕЯТЕЛЬНОСТЬ', 'ОБЩЕСТВЕННОЕ ДВИЖЕНИЕ']
НАСЕСТ	["117759-N", "117756-N"]	['БРУС (СТЕРЖЕНЬ)', 'ПЕРЕКЛАДИНА (ПОПЕРЕЧНЫЙ БРУС)']
НАСТРОЙЩИК	["2550-N", "127077-N"]	['РАБОТНИК', 'НАЛАДЧИК, НАЛАДЧИЦА']
НАТЯЖИТЕЛЬ	["107496-N", "106553-N", "106509-N"]	['ДЕТАЛЬ УСТРОЙСТВА', 'ПРИСПОСОБЛЕНИЕ, ИНСТРУМЕНТ', 'СОСТАВНАЯ ЧАСТЬ']
НАЧШТАБ	["889-N", "8414-N"]	['ДОЛЖНОСТЬ', 'ВОИНСКАЯ ДОЛЖНОСТЬ']
НАЧШТАБ	["792-N", "106606-N", "812-N"]	['ВОЕННОСЛУЖАЩИЙ', 'РУКОВОДИТЕЛЬ', 'ВОЕННЫЙ РУКОВОДИТЕЛЬ']
НЕВРИТ	["108862-N", "6337-N", "616-N"]	['ВОСПАЛЕНИЕ (БОЛЕЗНЕННЫЙ ПРОЦЕСС)', 'НЕВРОЛОГИЧЕСКОЕ ЗАБОЛЕВАНИЕ', 'БОЛЕЗНЬ']
НЕГАТИВИЗМ	["117017-N", "127162-N"]	['ОТКАЗАТЬСЯ, НЕ СОГЛАСИТЬСЯ', 'ОТРИЦАТЬ, ОТВЕРГАТЬ (ОТКАЗАТЬСЯ ПРИЗНАТЬ ЗНАЧЕНИЕ)']
НЕГАТИВИЗМ	["110242-N", "126223-N", "118065-N"]	['ПОВЕДЕНИЕ', 'МАНЕРА ВЕСТИ СЕБЯ', 'МАНЕРА (СПОСОБ ЧТО-Н. ДЕЛАТЬ)']
НЕДОНОСИТЕЛЬСТВО	["124621-N", "118765-N"]	['УМОЛЧАТЬ, ОБОЙТИ МОЛЧАНИЕМ', 'СКРЫТЬ ИНФОРМАЦИЮ, ЧУВСТВА']
НЕДОНОСИТЕЛЬСТВО	["120128-N"]	['БЕЗДЕЙСТВОВАТЬ']
НЕДОНОСИТЕЛЬСТВО	["122242-N"]	['НАРУШИТЬ, ПРЕСТУПИТЬ']
НЕДОНОСИТЕЛЬСТВО	["7730-N", "9438-N"]	['ПРЕСТУПЛЕНИЕ ПРОТИВ ПРАВОСУДИЯ', 'ПРЕСТУПЛЕНИЕ ПРОТИВ ГОСУДАРСТВЕННОЙ ВЛАСТИ']
НЕИЗБРАНИЕ	["10119-N"]	['ГОЛОСОВАНИЕ (ПРОЦЕДУРА)']
НЕИЗБРАНИЕ	["106482-N", "121636-N"]	['РЕЗУЛЬТАТ, ИТОГ', 'ИТОГИ ГОЛОСОВАНИЯ']
НЕИЗБРАНИЕ	["127161-N"]	['ОТКЛОНИТЬ, ОТВЕРГНУТЬ (ОТКАЗАТЬСЯ ПРИНЯТЬ ЧТО-ЛИБО)']
НЕКТАРИН	["144192-N", "144322-N", "354-N"]	['ПЕРСИК (ПЛОД)', 'КОСТОЧКОВЫЙ ПЛОД', 'ФРУКТ']
НЕОКЛАССИЦИЗМ	["108333-N", "151350-N"]	['СТИЛЬ В ИСКУССТВЕ', 'ТЕЧЕНИЕ В СФЕРЕ ДЕЯТЕЛЬНОСТИ']
НЕПРОТИВЛЕНИЕ	["117017-N", "106470-N", "153684-N"]	['ОТКАЗАТЬСЯ, НЕ СОГЛАСИТЬСЯ', 'УБЕЖДЕНИЯ, ВЗГЛЯДЫ', 'ОТКАЗ ОТ НАСИЛИЯ']
НЕСЕССЕР	["107335-N"]	['НАБОР (СОВОКУПНОСТЬ ПРЕДМЕТОВ)']
НЕТБУК	["145724-N", "4651-N", "149539-N"]	['НОУТБУК', 'ПЕРСОНАЛЬНЫЙ КОМПЬЮТЕР', 'МОБИЛЬНЫЙ КОМПЬЮТЕР']
НИВЕЛИР	["3648-N"]	['ИЗМЕРИТЕЛЬНЫЙ ПРИБОР']
НИВЕЛИР	["4649-N"]	['ГЕОДЕЗИЧЕСКОЕ ОБОРУДОВАНИЕ']
НИОБИЙ	["3483-N", "145367-N", "974-N", "97-N", "259-N"]	['ОГНЕУПОРНЫЙ МАТЕРИАЛ', 'РЕДКИЕ МЕТАЛЛЫ', 'ТУГОПЛАВКИЕ МЕТАЛЛЫ', 'МЕТАЛЛ', 'ЦВЕТНЫЕ МЕТАЛЛЫ']
НИОБИЙ	["2868-N"]	['ХИМИЧЕСКИЙ ЭЛЕМЕНТ']
НОКТЮРН	["1447-N", "4235-N", "107667-N"]	['ПРОИЗВЕДЕНИЕ ИСКУССТВА', 'МУЗЫКАЛЬНОЕ ПРОИЗВЕДЕНИЕ', 'СОЧИНЕНИЕ (ТО, ЧТО СОЧИНЕНО)']
НОСТРИФИКАЦИЯ	["124108-N", "129343-N"]	['ЛЕГАЛИЗАЦИЯ', 'УЗАКОНИТЬ']
НОСТРИФИКАЦИЯ	["106999-N", "106868-N"]	['УДОСТОВЕРЯТЬ', 'СВИДЕТЕЛЬСТВОВАТЬ, СЛУЖИТЬ СВИДЕТЕЛЬСТВОМ']
НУДИСТ	["107524-N", "130993-N"]	['ПОСЛЕДОВАТЕЛЬ', 'ЕДИНОМЫШЛЕННИК']
НУДИСТ	["153097-N"]	['ЧЕЛОВЕК ПО ВЗГЛЯДАМ']
НУТРИЯ	["128747-N", "5060-N"]	['ПРЕСНОВОДНОЕ ЖИВОТНОЕ', 'ВОДНОЕ ЖИВОТНОЕ']
НУТРИЯ	["934-N", "145929-N", "4091-N", "4593-N", "5669-N"]	['МЛЕКОПИТАЮЩЕЕ', 'ОХОТНИЧЬЕ-ПРОМЫСЛОВЫЕ ЖИВОТНЫЕ', 'ДИКОЕ ЖИВОТНОЕ', 'ПУШНОЙ ЗВЕРЬ', 'ГРЫЗУН']
НУТРИЯ	["109561-N", "2445-N", "108193-N"]	['МЕХ, ПУШНИНА', 'СЫРЬЕ', 'ШКУРА ЖИВОТНОГО']
ОБЕДНЯ	["114142-N", "1155-N"]	['ЛИТУРГИЯ (БОГОСЛУЖЕНИЕ)', 'БОГОСЛУЖЕНИЕ']
ОБЕРТОН	["108921-N", "120213-N"]	['ТЕМБР ГОЛОСА', 'ОТТЕНОК (РАЗНОВИДНОСТЬ)']
ОБЕРТОН	["110791-N"]	['ПРИЗВУК']
ОБОЖЕСТВЛЕНИЕ	["106884-N"]	['СЧИТАТЬ, ПРИЗНАВАТЬ КЕМ-ЛИБО']
ОБСТРОЙКА	["116677-N", "115193-N"]	['ЗАКЛЮЧИТЬ (ПОМЕСТИТЬ)', 'ОКРУЖИТЬ, ЗАКЛЮЧИТЬ В КРУГ']
ОБСТРОЙКА	["106493-N", "145768-N"]	['СОЗДАТЬ (СДЕЛАТЬ СУЩЕСТВУЮЩИМ)', 'СТРОИТЕЛЬСТВО ДОМА, СООРУЖЕНИЯ']
ОБУХ	["118483-N", "107577-N"]	['СТОРОНА (БОКОВАЯ ЧАСТЬ )', 'БОК, БОКОВАЯ ЧАСТЬ']
ОВЕРБУКИНГ	["122242-N", "127475-N"]	['НАРУШИТЬ, ПРЕСТУПИТЬ', 'ПЕРЕБОРЩИТЬ, ПЕРЕХВАТИТЬ']
ОВЕРБУКИНГ	["116979-N", "125462-N", "125460-N"]	['РЕЗЕРВИРОВАТЬ', 'БРОНИРОВАТЬ (ЗАКРЕПИТЬ)', 'ЗАКРЕПЛЕНИЕ ПРАВ']
ОВЦЕБЫК	["107772-N", "108007-N"]	['ЖВАЧНОЕ ЖИВОТНОЕ', 'ПАРНОКОПЫТНЫЕ ЖИВОТНЫЕ']
ОВЦЕБЫК	["4091-N"]	['ДИКОЕ ЖИВОТНОЕ']
ОГАРОК	["106509-N", "107429-N"]	['СОСТАВНАЯ ЧАСТЬ', 'ОСТАТОК, ОСТАВШАЯСЯ ЧАСТЬ']
ОГРАНЩИК	["2550-N", "111238-N"]	['РАБОТНИК', 'МАСТЕР (КВАЛИФИЦИРОВАННЫЙ РАБОТНИК)']
ОДНОКЛУБНИК	["1626-N", "150555-N"]	['СПОРТСМЕН', 'ЧЕЛОВЕК ПО СФЕРЕ ДЕЯТЕЛЬНОСТИ']
ОДНОКЛУБНИК	["124522-N"]	['ТОВАРИЩ ПО РАБОТЕ, ДЕЯТЕЛЬНОСТИ']
ОДНОКЛУБНИК	["152714-N"]	['ЧЕЛОВЕК ПО РОЛИ']
ОЗЕЛЕНИТЕЛЬ	["152714-N"]	['ЧЕЛОВЕК ПО РОЛИ']
ОЗЕЛЕНИТЕЛЬ	["2550-N"]	['РАБОТНИК']
ОКАЗИЯ	["106446-N", "106578-N"]	['ОБСТОЯТЕЛЬСТВА, ОБСТАНОВКА, УСЛОВИЯ', 'СЛУЧАЙ (ПОДХОДЯЩЕЕ ОБСТОЯТЕЛЬСТВО)']
ОКОТ	["126881-N"]	['РАЗМНОЖЕНИЕ ЖИВОТНЫХ']
ОКОТ	["106493-N"]	['СОЗДАТЬ (СДЕЛАТЬ СУЩЕСТВУЮЩИМ)']
ОКУЛЯР	["1320-N", "106555-N", "3470-N"]	['ОБОРУДОВАНИЕ', 'ТЕХНИЧЕСКОЕ УСТРОЙСТВО', 'ОПТИЧЕСКОЕ ОБОРУДОВАНИЕ']
ОНДАТРА	["934-N", "145929-N", "4091-N", "4593-N", "5669-N"]	['МЛЕКОПИТАЮЩЕЕ', 'ОХОТНИЧЬЕ-ПРОМЫСЛОВЫЕ ЖИВОТНЫЕ', 'ДИКОЕ ЖИВОТНОЕ', 'ПУШНОЙ ЗВЕРЬ', 'ГРЫЗУН']
ОНДАТРА	["109561-N", "2445-N", "108193-N"]	['МЕХ, ПУШНИНА', 'СЫРЬЕ', 'ШКУРА ЖИВОТНОГО']
ОПОРНИК	["122181-N", "148913-N"]	['ПОЛУЗАЩИТНИК', 'ПОЛЕВОЙ ИГРОК']
ОПРЕСНИТЕЛЬ	["106553-N", "106555-N"]	['ПРИСПОСОБЛЕНИЕ, ИНСТРУМЕНТ', 'ТЕХНИЧЕСКОЕ УСТРОЙСТВО']
ОПТОВКА	["3137-N", "6947-N", "1728-N"]	['СЪЕЗД', 'ВЫСТАВКА', 'ЯРМАРКА ТОВАРОВ И ОБОРУДОВАНИЯ']
ОПТОВКА	["2301-N", "6335-N"]	['ТОРГОВАЯ ОРГАНИЗАЦИЯ', 'ОПТОВОЕ ТОРГОВОЕ ПРЕДПРИЯТИЕ']
ОРАНГУТАН	["108123-N", "10072-N"]	['ЧЕЛОВЕКООБРАЗНАЯ ОБЕЗЬЯНА', 'ОБЕЗЬЯНА']
ОРГСТЕКЛО	["132393-N", "920-N", "106536-N", "919-N"]	['ПРОДУКЦИЯ ПРОИЗВОДСТВЕННО-ТЕХНИЧЕСКОГО НАЗНАЧЕНИЯ', 'ПЛАСТМАССА', 'МАТЕРИАЛ ДЛЯ ИЗГОТОВЛЕНИЯ', 'СИНТЕТИЧЕСКИЕ МАТЕРИАЛЫ']
ОРЛИК	["106579-N", "144172-N", "4789-N"]	['ЖИВОЙ ОРГАНИЗМ', 'РАСТЕНИЕ', 'ТРАВЯНИСТОЕ РАСТЕНИЕ']
ОСВЕЖИТЕЛЬ	["106553-N", "106554-N"]	['ПРИСПОСОБЛЕНИЕ, ИНСТРУМЕНТ', 'ПРЕДМЕТ, ВЕЩЬ']
ОСИННИК	["9704-N", "258-N", "109104-N"]	['ЛИСТВЕННЫЙ ЛЕС', 'ЛЕСНОЙ МАССИВ', 'РОЩА']
ОСОКА	["143589-N", "143505-N", "4975-N"]	['СЕМЕЙСТВО РАСТЕНИЙ', 'СЕМЕЙСТВО ОСОКОВЫЕ', 'ВОДНОЕ РАСТЕНИЕ']
ОСТОЙЧИВОСТЬ	["133558-N", "154971-N"]	['МОРЕХОДНЫЕ КАЧЕСТВА', 'ХОДОВЫЕ КАЧЕСТВА']
ОТБЕЛИВАТЕЛЬ	["820-N"]	['ВЕЩЕСТВО']
ОТБЕЛИВАТЕЛЬ	["131299-N", "109368-N"]	['СИНТЕТИЧЕСКИЕ МОЮЩИЕ СРЕДСТВА', 'МОЮЩЕЕ СРЕДСТВО']
ОТКРЫВАЛКА	["147600-N", "134909-N", "111779-N"]	['КУХОННОЕ ОБОРУДОВАНИЕ', 'ПРЕДМЕТ ДОМАШНЕГО ОБИХОДА', 'КУХОННАЯ УТВАРЬ']
ОТРАВИТЕЛЬ	["152714-N", "2149-N"]	['ЧЕЛОВЕК ПО РОЛИ', 'ЧЕЛОВЕК']
ОЧЕЛОВЕЧИВАНИЕ	["112538-N", "106517-N"]	['УПОДОБИТЬ, ПРИРАВНЯТЬ', 'СРАВНИТЬ, СОПОСТАВИТЬ']
ПАДИШАХ	["110197-N", "110193-N"]	['СУЛТАН (МОНАРХ)', 'МОНАРХ']
ПАКЕТИРОВАНИЕ	["115234-N", "112077-N"]	['СЛОЖИТЬ В ОДНОМ МЕСТЕ', 'СОБРАТЬ В ОДНОМ МЕСТЕ']
ПАКЕТИРОВАНИЕ	["116345-N", "116555-N", "110813-N"]	['ПАКОВАТЬ', 'ЗАВЕРНУТЬ, ОБЕРНУТЬ', 'ВЛОЖИТЬ ВНУТРЬ']
ПАЛАШ	["111454-N", "153018-N", "146854-N"]	['САБЛЯ (ХОЛОДНОЕ ОРУЖИЕ)', 'РУБЯЩЕЕ ОРУЖИЕ', 'КЛИНКОВОЕ ОРУЖИЕ']
ПАНИБРАТСТВО	["116816-N", "106876-N"]	['ОБРАТИТЬСЯ СО СЛОВАМИ', 'ВЫСКАЗАТЬ']
ПАНКРАТИОН	["8138-N", "9991-N"]	['ВИД СПОРТА', 'БОЕВЫЕ ИСКУССТВА']
ПАНКРАТИОН	["123740-N"]	['МАСТЕРСТВО, ИСКУССТВО ВЛАДЕНИЯ']
ПАНКРАТИОН	["118698-N", "130564-N"]	['ДЕЙСТВИЕ, ЦЕЛЕНАПРАВЛЕННОЕ ДЕЙСТВИЕ', 'БИТЬСЯ (ДРАТЬСЯ, СРАЖАТЬСЯ)']
ПАНТОГРАФ	["2070-N", "149201-N"]	['ЭЛЕКТРОТЕХНИЧЕСКОЕ ОБОРУДОВАНИЕ', 'ИНЖЕНЕРНОЕ ОБОРУДОВАНИЕ']
ПАПАМОБИЛЬ	["154-N", "4420-N", "162-N", "132530-N"]	['АВТОМОБИЛЬ', 'ИНДИВИДУАЛЬНЫЙ ТРАНСПОРТ', 'ЛЕГКОВОЙ АВТОМОБИЛЬ', 'ПРОДУКЦИЯ МАШИНОСТРОЕНИЯ']
ПАРАЗИТОЛОГ	["134969-N", "1045-N", "1044-N"]	['ЛЕКАРЬ, ЦЕЛИТЕЛЬ', 'ВРАЧ', 'МЕДИЦИНСКИЙ РАБОТНИК']
ПАРАТИФ	["1054-N", "4955-N", "9337-N"]	['ИНФЕКЦИОННАЯ БОЛЕЗНЬ', 'КИШЕЧНОЕ ИНФЕКЦИОННОЕ ЗАБОЛЕВАНИЕ', 'ЖЕЛУДОЧНО-КИШЕЧНЫЕ ЗАБОЛЕВАНИЯ']
ПАРЕЗ	["6337-N", "9045-N", "5567-N"]	['НЕВРОЛОГИЧЕСКОЕ ЗАБОЛЕВАНИЕ', 'НАРУШЕНИЕ ОПОРНО-ДВИГАТЕЛЬНОГО АППАРАТА', 'ПАРАЛИЧ']
ПАРКОМАТ	["143033-N", "112394-N", "110207-N"]	['ТАЙМЕР', 'СИГНАЛЬНОЕ УСТРОЙСТВО', 'ХРОНОМЕТР']
ПАРКОМАТ	["152172-N", "147166-N"]	['ТЕРМИНАЛ САМООБСЛУЖИВАНИЯ', 'ПЛАТЕЖНЫЙ ТЕРМИНАЛ']
ПАРКОМАТ	["3648-N", "118548-N"]	['ИЗМЕРИТЕЛЬНЫЙ ПРИБОР', 'СЧЕТЧИК (ПРИБОР)']
ПАРОВАРКА	["147600-N", "134909-N", "111779-N"]	['КУХОННОЕ ОБОРУДОВАНИЕ', 'ПРЕДМЕТ ДОМАШНЕГО ОБИХОДА', 'КУХОННАЯ УТВАРЬ']
ПАРТАППАРАТ	["141205-N", "134675-N"]	['СТРУКТУРНОЕ ПОДРАЗДЕЛЕНИЕ', 'АППАРАТ ОРГАНИЗАЦИИ']
ПАСПОРТИЗАЦИЯ	["119510-N"]	['ВЫДАТЬ (ДАТЬ, ВРУЧИТЬ)']
ПАСТЕРНАК	["144212-N", "6878-N"]	['КОРНЕПЛОДНЫЕ РАСТЕНИЯ', 'ОВОЩНАЯ КУЛЬТУРА']
ПАСТЕРНАК	["5260-N"]	['ПОЭТ']
ПАСТЕРНАК	["114027-N"]	['ЛАУРЕАТ']
ПАТИССОН	["143519-N", "6878-N"]	['ТЫКВЕННЫЕ', 'ОВОЩНАЯ КУЛЬТУРА']
ПАТИССОН	["107871-N", "106554-N"]	['ПЛОД РАСТЕНИЯ', 'ПРЕДМЕТ, ВЕЩЬ']
ПАТИССОН	["4681-N", "348-N"]	['ПЛОДООВОЩНАЯ ПРОДУКЦИЯ', 'ОВОЩИ']
ПАУЭРЛИФТИНГ	["8138-N", "8106-N"]	['ВИД СПОРТА', 'ТЯЖЕЛАЯ АТЛЕТИКА']
ПЕЛЕНАНИЕ	["115187-N", "116555-N", "110813-N", "107325-N"]	['ОБМОТАТЬ, ОБКРУТИТЬ', 'ЗАВЕРНУТЬ, ОБЕРНУТЬ', 'ВЛОЖИТЬ ВНУТРЬ', 'ПОКРЫТЬ ПОВЕРХНОСТЬ']
ПЕМЗА	["3919-N", "133270-N"]	['ГОРНАЯ ПОРОДА', 'ВУЛКАНИЧЕСКИЕ ПОРОДЫ']
ПЕМЗА	["820-N", "5430-N"]	['ВЕЩЕСТВО', 'АБРАЗИВНЫЕ МАТЕРИАЛЫ']
ПЕРГОЛА	["123930-N", "2525-N"]	['БЕСЕДКА', 'СООРУЖЕНИЕ, ПОСТРОЙКА']
ПЕРГОЛА	["106623-N", "113193-N"]	['ОПОРА, ОПОРНАЯ ЧАСТЬ', 'НИЖНЯЯ ЧАСТЬ']
ПЕРЕДВИЖНИК	["113185-N", "113865-N", "1416-N"]	['ХУДОЖНИК (АВТОР ИЗОБРАЗИТЕЛЬНОГО ПРОИЗВЕДЕНИЯ)', 'РЕАЛИСТ (ХУДОЖНИК)', 'ЖИВОПИСЕЦ']
ПЕРЕЛЕСОК	["107135-N", "258-N"]	['ТЕРРИТОРИЯ, УЧАСТОК', 'ЛЕСНОЙ МАССИВ']
ПЕРЕПИСЧИК	["152714-N", "2149-N"]	['ЧЕЛОВЕК ПО РОЛИ', 'ЧЕЛОВЕК']
ПЕРЕСТУК	["1885-N", "137784-N", "140796-N", "149234-N"]	['РАСПРОСТРАНЕНИЕ ИНФОРМАЦИИ', 'ОБМЕНЯТЬСЯ (ВЗАИМНО СДЕЛАТЬ)', 'ОБМЕН ИНФОРМАЦИЕЙ', 'ПЕРЕДАЧА ДАННЫХ']
ПЕРИОДИЗАЦИЯ	["107410-N", "107409-N"]	['ДЕЛИТЬ, РАЗДЕЛЯТЬ НА ЧАСТИ', 'РАЗЪЕДИНИТЬ, ПРЕРВАТЬ СОЕДИНЕНИЕ']
ПЕРИОДИЗАЦИЯ	["106686-N", "106709-N"]	['ИССЛЕДОВАНИЕ, ИЗУЧЕНИЕ', 'УЗНАТЬ, ПОЛУЧИТЬ СВЕДЕНИЯ']
ПЕРФЕКЦИОНИЗМ	["106774-N", "151257-N"]	['МНЕНИЕ', 'СУЖДЕНИЕ']
ПЕРФЕКЦИОНИЗМ	["118936-N", "118937-N"]	['СТРОГИЙ (ТРЕБОВАТЕЛЬНЫЙ)', 'ТРЕБОВАТЕЛЬНЫЙ, ВЗЫСКАТЕЛЬНЫЙ']
ПЕСТИК	["133213-N", "150414-N"]	['ЧАСТЬ РАСТЕНИЯ', 'БИОЛОГИЧЕСКАЯ СУЩНОСТЬ']
ПЕТРОГРАФИЯ	["6945-N", "269-N"]	['НАУКИ О ЗЕМЛЕ', 'ГЕОЛОГИЧЕСКИЕ НАУКИ']
ПИВБАР	["5399-N", "4543-N", "4084-N", "134971-N"]	['БАР (ПИТЕЙНОЕ ЗАВЕДЕНИЕ)', 'РЕСТОРАН', 'ПРЕДПРИЯТИЕ ОБЩЕСТВЕННОГО ПИТАНИЯ', 'ПИТЕЙНОЕ ЗАВЕДЕНИЕ']
ПИЖМА	["6862-N", "4789-N"]	['МНОГОЛЕТНИЕ ТРАВЫ', 'ТРАВЯНИСТОЕ РАСТЕНИЕ']
ПИЛЬЩИК	["110125-N", "2550-N"]	['РАБОЧИЙ, РАБОТНИК ФИЗИЧЕСКОГО ТРУДА', 'РАБОТНИК']
ПИОН	["965-N"]	['ЦВЕТКОВОЕ РАСТЕНИЕ']
ПИОН	["6862-N", "4789-N"]	['МНОГОЛЕТНИЕ ТРАВЫ', 'ТРАВЯНИСТОЕ РАСТЕНИЕ']
ПИОН	["6883-N"]	['ДЕКОРАТИВНАЯ КУЛЬТУРА']
ПИСК	["126008-N", "106945-N"]	['ФИЗИЧЕСКОЕ ЯВЛЕНИЕ, ПРОЦЕСС', 'ЗВУК']
ПИТЧЕР	["110183-N", "1626-N"]	['БЕЙСБОЛИСТ', 'СПОРТСМЕН']
ПЛАКАТИСТ	["2720-N", "8848-N", "113185-N"]	['АВТОР', 'ДЕЯТЕЛЬ ИСКУССТВА', 'ХУДОЖНИК (АВТОР ИЗОБРАЗИТЕЛЬНОГО ПРОИЗВЕДЕНИЯ)']
ПЛАНЕТОХОД	["211-N", "1023-N", "956-N"]	['ЛЕТАТЕЛЬНЫЙ АППАРАТ', 'КОСМИЧЕСКИЙ АППАРАТ', 'КОСМИЧЕСКАЯ ТЕХНИКА']
ПЛАСТИФИКАТОР	["131758-N", "820-N", "147134-N", "112140-N"]	['ИНГРЕДИЕНТ (СОСТАВНАЯ ЧАСТЬ)', 'ВЕЩЕСТВО', 'ФИЗИЧЕСКАЯ СУЩНОСТЬ', 'ПРИМЕСЬ (ВЕЩЕСТВО)']
ПЛЕВРИТ	["108862-N", "616-N"]	['ВОСПАЛЕНИЕ (БОЛЕЗНЕННЫЙ ПРОЦЕСС)', 'БОЛЕЗНЬ']
ПЛОМБИР	["107831-N"]	['СЛАДКОЕ КУШАНЬЕ']
ПЛОМБИР	["371-N"]	['МОЛОЧНАЯ ПРОДУКЦИЯ']
ПЛОМБИР	["113680-N", "139389-N"]	['ЩИПЦЫ', 'РУЧНОЙ ИНСТРУМЕНТ']
ПЛЫВУН	["106509-N", "107193-N"]	['СОСТАВНАЯ ЧАСТЬ', 'СЛОЙ (ПЛОСКАЯ ЧАСТЬ)']
ПНЕВМОКОКК	["110040-N", "109339-N", "146293-N"]	['КОККИ', 'СТРЕПТОКОКК', 'БОЛЕЗНЕТВОРНЫЙ МИКРООРГАНИЗМ']
ПОВЕТРИЕ	["114392-N", "106501-N", "117102-N"]	['ИНТЕРЕС (ОСОБОЕ ВНИМАНИЕ)', 'ЗАНЯТИЕ, ДЕЯТЕЛЬНОСТЬ', 'УВЛЕЧЕНИЕ (БОЛЬШОЙ ИНТЕРЕС)']
ПОГАНКА	["1011-N", "4319-N", "107835-N"]	['ЯДОВИТОЕ ВЕЩЕСТВО', 'ГРИБ', 'ЯДОВИТЫЙ ГРИБ']
ПОДГОРАНИЕ	["111369-N", "111370-N"]	['ПОРТИТЬ, ДЕЛАТЬ ПЛОХИМ', 'ПОВРЕДИТЬ']
ПОДОБОСТРАСТИЕ	["106924-N", "119855-N"]	['ЧЕРТА ХАРАКТЕРА', 'УСЛУЖЛИВЫЙ']
ПОДОСИНОВИК	["142327-N", "107860-N", "4319-N", "368-N"]	['ТРУБЧАТЫЙ ГРИБ', 'СЪЕДОБНЫЙ ГРИБ', 'ГРИБ', 'ПРОДУКТЫ ПИТАНИЯ']
ПОДСТАКАННИК	["109023-N", "106623-N", "106554-N"]	['ПОДСТАВКА', 'ОПОРА, ОПОРНАЯ ЧАСТЬ', 'ПРЕДМЕТ, ВЕЩЬ']
ПОДУШЕВОЙ	["130030-N", "107583-N"]	['СОЦИАЛЬНО-ЭКОНОМИЧЕСКИЙ ПОКАЗАТЕЛЬ', 'ПОКАЗАТЕЛЬ (ДАННЫЕ)']
ПОДУШЕВОЙ	["142465-N", "106515-N", "134248-N"]	['СРЕДНЯЯ ВЕЛИЧИНА', 'КОЛИЧЕСТВО, ВЕЛИЧИНА, ЧИСЛО', 'СРЕДНЕЕ АРИФМЕТИЧЕСКОЕ']
ПОИЛКА	["107038-N", "126802-N", "126833-N", "107039-N", "107056-N", "154237-N"]	['ВМЕСТИЛИЩЕ', 'ФАРФОРОВАЯ ПОСУДА', 'СТОЛОВАЯ ПОСУДА', 'СОСУД (ВМЕСТИЛИЩЕ)', 'ЧАШКА (ПОСУДА)', 'ПОСУДА ДЛЯ ПИТЬЯ']
ПОИЛКА	["2977-N", "1320-N", "2384-N", "9027-N"]	['МЕДИЦИНСКОЕ ОБОРУДОВАНИЕ', 'ОБОРУДОВАНИЕ', 'СЕЛЬСКОХОЗЯЙСТВЕННОЕ ОБОРУДОВАНИЕ', 'ОБОРУДОВАНИЕ ДЛЯ УХОДА ЗА БОЛЬНЫМИ']
ПОЛЕВОД	["111307-N", "343-N", "135532-N"]	['РАСТЕНИЕВОД', 'СЕЛЬСКОХОЗЯЙСТВЕННЫЙ РАБОТНИК', 'ЗЕМЛЕДЕЛЕЦ']
ПОЛИАМИД	["142431-N", "919-N", "3396-N"]	['СИНТЕТИЧЕСКИЕ ПОЛИМЕРЫ', 'СИНТЕТИЧЕСКИЕ МАТЕРИАЛЫ', 'ПОЛИМЕРНОЕ СОЕДИНЕНИЕ']
ПОЛИЭСТЕР	["142431-N", "919-N", "3396-N"]	['СИНТЕТИЧЕСКИЕ ПОЛИМЕРЫ', 'СИНТЕТИЧЕСКИЕ МАТЕРИАЛЫ', 'ПОЛИМЕРНОЕ СОЕДИНЕНИЕ']
ПОЛОВИК	["4503-N", "4504-N"]	['ТЕКСТИЛЬНАЯ ПРОДУКЦИЯ', 'КОВЕР (ИЗДЕЛИЕ)']
ПОЛОВИК	["146828-N"]	['ПРЕДМЕТ ИНТЕРЬЕРА']
ПОЛУАВТОМАТ	["106553-N", "106555-N"]	['ПРИСПОСОБЛЕНИЕ, ИНСТРУМЕНТ', 'ТЕХНИЧЕСКОЕ УСТРОЙСТВО']
ПОЛУНОЧНИК	["106579-N", "138167-N", "2149-N"]	['ЖИВОЙ ОРГАНИЗМ', 'СУБЪЕКТ ДЕЯТЕЛЬНОСТИ', 'ЧЕЛОВЕК']
ПОЛУПУСТЫНЯ	["8879-N", "5591-N"]	['ЗАСУШЛИВЫЙ РАЙОН', 'ПРИРОДНО-ГЕОГРАФИЧЕСКАЯ ЗОНА']
ПОЛУТЯЖ	["8478-N", "1626-N"]	['БОКСЕР (СПОРТСМЕН)', 'СПОРТСМЕН']
ПОМАЗОК	["146889-N", "128106-N"]	['ЩЕТИННО-ЩЕТОЧНЫЕ ИЗДЕЛИЯ', 'КИСТЬ ДЛЯ НАНЕСЕНИЯ']
ПОМАЗОК	["133850-N", "9651-N"]	['ПРЕДМЕТЫ ЛИЧНОЙ ГИГИЕНЫ', 'БРИТВЕННЫЕ ПРИНАДЛЕЖНОСТИ']
ПОНЧО	["108474-N", "1256-N"]	['НАКИДКА (ОДЕЖДА)', 'ОДЕЖДА']
ПОРАЖЕНЧЕСТВО	["106470-N", "134025-N"]	['УБЕЖДЕНИЯ, ВЗГЛЯДЫ', 'НЕВЕРИЕ, ОТСУТСТВИЕ ВЕРЫ']
ПОРАЖЕНЧЕСТВО	["107264-N", "107383-N"]	['МИРООЩУЩЕНИЕ', 'ПЕССИМИЗМ']
ПОРТУПЕЯ	["109611-N", "153947-N"]	['РЕМЕНЬ', 'ПОЛОСА (КУСОК)']
ПОСЛЕДЫШ	["107524-N", "130993-N"]	['ПОСЛЕДОВАТЕЛЬ', 'ЕДИНОМЫШЛЕННИК']
ПОСЛЕДЫШ	["153097-N"]	['ЧЕЛОВЕК ПО ВЗГЛЯДАМ']
ПОСТМОДЕРНИСТ	["111774-N", "1412-N", "8848-N"]	['ДЕЯТЕЛЬ', 'ТВОРЧЕСКИЙ РАБОТНИК', 'ДЕЯТЕЛЬ ИСКУССТВА']
ПОЧВОВЕД	["21-N", "2551-N"]	['НАУЧНЫЙ РАБОТНИК', 'СЛУЖАЩИЙ (РАБОТНИК)']
ПРАПРАБАБУШКА	["117795-N", "3231-N", "132893-N", "756-N"]	['ПРЕДОК ПО РОДУ', 'РОДСТВЕННИК', 'РОДСТВЕННИЦА', 'ЖЕНЩИНА, ЧЕЛОВЕК ЖЕНСКОГО ПОЛА']
ПРЕРИЯ	["5592-N", "5591-N", "7049-N"]	['СТЕПЬ', 'ПРИРОДНО-ГЕОГРАФИЧЕСКАЯ ЗОНА', 'РАВНИНА']
ПРЕТ-А-ПОРТЕ	["106589-N", "154176-N", "9077-N"]	['НАПРАВЛЕНИЕ ДЕЯТЕЛЬНОСТИ', 'ВЕЯНИЕ ВРЕМЕНИ', 'МОДА']
ПРИВАТИЗАТОР	["152714-N", "2149-N"]	['ЧЕЛОВЕК ПО РОЛИ', 'ЧЕЛОВЕК']
ПРИКУП	["131929-N", "151817-N"]	['ХОД В ИГРЕ', 'ХОД В КАРТОЧНОЙ ИГРЕ']
ПРИЛУНЕНИЕ	["153865-N", "115245-N"]	['ПОСАДКА ЛЕТАТЕЛЬНОГО АППАРАТА', 'СЕСТЬ, СОВЕРШИТЬ ПОСАДКУ']
ПРИЛУНЕНИЕ	["108824-N"]	['ОПУСТИТЬ ВНИЗ']
ПРИМУС	["8061-N", "4435-N"]	['НАГРЕВАТЕЛЬНЫЙ ПРИБОР', 'ТЕПЛОВОЕ ОБОРУДОВАНИЕ']
ПРИПАЙ	["109627-N", "110716-N"]	['ТВЕРДОЕ ТЕЛО', 'ЛЕД']
ПРИТВОР	["154008-N", "3537-N"]	['ПОМЕЩЕНИЕ ХРАМА', 'НЕЖИЛОЕ ПОМЕЩЕНИЕ']
ПРИЩЕПКА	["106553-N", "107705-N"]	['ПРИСПОСОБЛЕНИЕ, ИНСТРУМЕНТ', 'ЗАЖИМ (ПРИСПОСОБЛЕНИЕ)']
ПРИЩЕПКА	["133800-N", "2512-N", "134909-N"]	['ДОМАШНЕЕ ИМУЩЕСТВО', 'ХОЗЯЙСТВЕННЫЕ ТОВАРЫ', 'ПРЕДМЕТ ДОМАШНЕГО ОБИХОДА']
ПРОБОР	["106582-N", "149355-N"]	['ЛИНИЯ, ЧЕРТА', 'ПОЛОСА НА ПОВЕРХНОСТИ']
ПРОЙМА	["106451-N", "123369-N", "107087-N"]	['МЕСТО В ПРОСТРАНСТВЕ', 'РАЗРЕЗ, МЕСТО РАЗРЕЗА', 'ОТВЕРСТИЕ']
ПРОЛЕЖЕНЬ	["113696-N", "150699-N"]	['ТЕЛЕСНОЕ ПОВРЕЖДЕНИЕ', 'ПОВРЕЖДЕНИЕ НА КОЖЕ']
ПРОЛЕЖЕНЬ	["124613-N", "133819-N", "149602-N"]	['ОМЕРТВЕНИЕ ТКАНИ', 'БОЛЕЗНИ КОСТНО-МЫШЕЧНОЙ СИСТЕМЫ', 'УТРАТИТЬ СВОЙСТВО']
ПРОПИЛЕН	["820-N", "5992-N", "108760-N", "461-N"]	['ВЕЩЕСТВО', 'ОРГАНИЧЕСКОЕ ВЕЩЕСТВО', 'ХИМИЧЕСКОЕ СОЕДИНЕНИЕ', 'ГАЗООБРАЗНОЕ ВЕЩЕСТВО']
ПРОСТЕНОК	["106509-N"]	['СОСТАВНАЯ ЧАСТЬ']
ПРОТРАВИТЕЛЬ	["2784-N", "1011-N", "7792-N"]	['ПЕСТИЦИД', 'ЯДОВИТОЕ ВЕЩЕСТВО', 'АГРОХИМИКАТ']
ПРОУШИНА	["106451-N", "107087-N"]	['МЕСТО В ПРОСТРАНСТВЕ', 'ОТВЕРСТИЕ']
ПРОЦЕССИНГ	["106534-N", "117035-N", "106631-N"]	['ОБРАБАТЫВАТЬ, ПОДВЕРГАТЬ ОБРАБОТКЕ', 'ПРИГОТОВИТЬ, СДЕЛАТЬ ГОДНЫМ', 'ИЗМЕНИТЬ, СДЕЛАТЬ ИНЫМ']
ПРЯДИЛЬЩИЦА	["110125-N", "113831-N"]	['РАБОЧИЙ, РАБОТНИК ФИЗИЧЕСКОГО ТРУДА', 'СТАНОЧНИК']
ПРЯДИЛЬЩИЦА	["135273-N", "112358-N"]	['РАБОТНИК ЛЕГКОЙ ПРОМЫШЛЕННОСТИ', 'ТЕКСТИЛЬЩИК']
ПСАЛТИРЬ	["4901-N", "2372-N"]	['СВЯЩЕННАЯ КНИГА', 'РЕЛИГИОЗНАЯ ЛИТЕРАТУРА']
ПУБЛИКАТОР	["152714-N", "2149-N"]	['ЧЕЛОВЕК ПО РОЛИ', 'ЧЕЛОВЕК']
ПУЛЬСАР	["128005-N", "111-N"]	['КОСМИЧЕСКОЕ ЯВЛЕНИЕ', 'ПРИРОДНОЕ ЯВЛЕНИЕ']
ПУСТЕЛЬГА	["107784-N", "108441-N", "5681-N"]	['ХИЩНАЯ ПТИЦА', 'ХИЩНОЕ ЖИВОТНОЕ', 'ДИКАЯ ПТИЦА']
ПЫРЕЙ	["107839-N", "6862-N", "4789-N", "4201-N"]	['ЗЛАКОВОЕ РАСТЕНИЕ', 'МНОГОЛЕТНИЕ ТРАВЫ', 'ТРАВЯНИСТОЕ РАСТЕНИЕ', 'СОРНОЕ РАСТЕНИЕ']
ПЯТИДВЕРКА	["126573-N", "107072-N"]	['КУЗОВ АВТОМОБИЛЯ', 'КОРПУС ИЗДЕЛИЯ']
ПЯТИУГОЛЬНИК	["107021-N", "107027-N"]	['ГЕОМЕТРИЧЕСКАЯ ФИГУРА', 'МНОГОУГОЛЬНИК']
РАДИОФИКАЦИЯ	["112144-N", "106699-N", "106601-N"]	['ОБЕСПЕЧИТЬ, СНАБДИТЬ', 'УСТАНОВИТЬ, ПОСТАВИТЬ', 'ОБОРУДОВАТЬ']
РАЗБАЛАНСИРОВКА	["118046-N", "106629-N"]	['НАРУШИТЬСЯ', 'ИЗМЕНИТЬСЯ, ИЗМЕНЕНИЕ']
РАЗГОВЕНИЕ	["106933-N", "106934-N"]	['ГЛОТАТЬ ВНУТРЬ СЕБЯ', 'ЕСТЬ, ПРИНИМАТЬ ПИЩУ']
РАЗОРИТЕЛЬ	["125525-N", "106613-N"]	['РАЗРУШИТЕЛЬ', 'РОЛЬ, ПОЛОЖЕНИЕ, МЕСТО']
РАЗОРИТЕЛЬ	["111212-N", "2149-N"]	['ПЛОХОЙ ЧЕЛОВЕК', 'ЧЕЛОВЕК']
РАКИТА	["6104-N", "6105-N"]	['ДРЕВЕСНО-КУСТАРНИКОВАЯ ПОРОДА', 'ИВА']
РАСКОНСЕРВАЦИЯ	["107441-N", "107599-N", "112977-N"]	['НАЧАТЬ, ПРИСТУПИТЬ, ПРИНЯТЬСЯ', 'ПРОДОЛЖАТЬ', 'ВОЗОБНОВИТЬ (НАЧАТЬ СНОВА)']
РАСКОНСЕРВАЦИЯ	["106473-N"]	['ОБУСЛАВЛИВАТЬ, СПОСОБСТВОВАТЬ']
РАСПОРКА	["2525-N", "106623-N", "153534-N"]	['СООРУЖЕНИЕ, ПОСТРОЙКА', 'ОПОРА, ОПОРНАЯ ЧАСТЬ', 'ОПОРНАЯ КОНСТРУКЦИЯ']
РАСПОРКА	["107233-N", "117759-N"]	['СТЕРЖЕНЬ (ПРЕДМЕТ)', 'БРУС (СТЕРЖЕНЬ)']
РАССЕЛИНА	["152915-N", "107089-N", "108331-N"]	['РАЗЛОМ, МЕСТО РАЗЛОМА', 'ЩЕЛЬ, ЩЕЛЕВИДНОЕ ОТВЕРСТИЕ', 'ТРЕЩИНА']
РАССТЕГАЙ	["108472-N", "107283-N"]	['ПИРОЖОК', 'ПИРОГ']
РАФИНАД	["1230-N", "142800-N"]	['САХАР', 'РАФИНИРОВАННЫЙ САХАР']
РАФТИНГ	["152298-N", "140605-N", "138660-N", "152310-N"]	['ЭКСТРЕМАЛЬНЫЕ РАЗВЛЕЧЕНИЯ', 'СПУСТИТЬСЯ ПО ТЕЧЕНИЮ РЕКИ', 'ВОДНЫЙ ПОХОД', 'СПЛАВ ПО РЕКАМ']
РЕАЛИЯ	["153782-N", "106446-N"]	['ПОСТОЯННАЯ СУЩНОСТЬ', 'ОБСТОЯТЕЛЬСТВА, ОБСТАНОВКА, УСЛОВИЯ']
РЕВЕНЬ	["4789-N", "6878-N", "124049-N"]	['ТРАВЯНИСТОЕ РАСТЕНИЕ', 'ОВОЩНАЯ КУЛЬТУРА', 'ЗЕЛЕННАЯ КУЛЬТУРА']
РЕВМАТОЛОГ	["134969-N", "1045-N", "1044-N"]	['ЛЕКАРЬ, ЦЕЛИТЕЛЬ', 'ВРАЧ', 'МЕДИЦИНСКИЙ РАБОТНИК']
РЕГЛАН	["108928-N", "106559-N"]	['ПОКРОЙ ОДЕЖДЫ', 'ФОРМА, НАРУЖНЫЙ ВИД']
РЕГЛАН	["8218-N", "1256-N", "109873-N"]	['ИЗДЕЛИЕ ЛЕГКОЙ ПРОМЫШЛЕННОСТИ', 'ОДЕЖДА', 'ИЗДЕЛИЕ']
РЕДЕВЕЛОПМЕНТ	["140306-N", "149289-N"]	['ИНВЕСТИРОВАНИЕ В НЕДВИЖИМОСТЬ', 'ДЕВЕЛОПЕРСКАЯ ДЕЯТЕЛЬНОСТЬ']
РЕДЕВЕЛОПМЕНТ	["133686-N", "546-N", "120969-N"]	['ПЕРЕСТРОЙКА ЗДАНИЙ, СООРУЖЕНИЙ', 'СТРОИТЕЛЬНЫЕ РАБОТЫ', 'ПЕРЕДЕЛАТЬ, СДЕЛАТЬ ЗАНОВО']
РЕДУТ	["124419-N", "123853-N", "1529-N"]	['ВОЕННО-ИНЖЕНЕРНОЕ СООРУЖЕНИЕ', 'УБЕЖИЩЕ, УКРЫТИЕ', 'ВОЕННЫЙ ОБЪЕКТ']
РЕЗЕКЦИЯ	["7529-N", "5390-N"]	['МЕТОД ЛЕЧЕНИЯ', 'ХИРУРГИЧЕСКАЯ ОПЕРАЦИЯ']
РЕЗЕКЦИЯ	["108870-N", "110908-N", "110910-N", "115773-N"]	['УДАЛИТЬ, ОТДАЛИТЬ НА РАССТОЯНИЕ', 'УДАЛИТЬ НАРУЖУ', 'ВЫНУТЬ', 'ВЫРЕЗАТЬ (ВЫНУТЬ)']
РЕКАПИТАЛИЗАЦИЯ	["123832-N", "137304-N"]	['РЕОРГАНИЗАЦИЯ, ПЕРЕУСТРОЙСТВО', 'РЕСТРУКТУРИЗАЦИЯ']
РЕЛИГИОВЕД	["21-N", "2551-N"]	['НАУЧНЫЙ РАБОТНИК', 'СЛУЖАЩИЙ (РАБОТНИК)']
РЕНЕГАТ	["152714-N", "111212-N", "111280-N"]	['ЧЕЛОВЕК ПО РОЛИ', 'ПЛОХОЙ ЧЕЛОВЕК', 'ПРЕДАТЕЛЬ']
РЕПЕЛЛЕНТ	["820-N", "147134-N"]	['ВЕЩЕСТВО', 'ФИЗИЧЕСКАЯ СУЩНОСТЬ']
РЕТИНОЛ	["5992-N", "2980-N"]	['ОРГАНИЧЕСКОЕ ВЕЩЕСТВО', 'ВИТАМИН']
РЕФРАКТОР	["10107-N", "5271-N", "106555-N", "3470-N"]	['НАУЧНОЕ ОБОРУДОВАНИЕ', 'ТЕЛЕСКОП', 'ТЕХНИЧЕСКОЕ УСТРОЙСТВО', 'ОПТИЧЕСКОЕ ОБОРУДОВАНИЕ']
РИЗЕНШНАУЦЕР	["143352-N", "115936-N"]	['ПОРОДА СОБАК', 'ПОРОДА ЖИВОТНЫХ']
РИЗЕНШНАУЦЕР	["4453-N", "4454-N", "934-N"]	['ДОМАШНЕЕ ЖИВОТНОЕ', 'СОБАКА', 'МЛЕКОПИТАЮЩЕЕ']
РИККЕТСИОЗ	["136228-N", "1054-N"]	['ИНФЕКЦИОННЫЕ И ПАРАЗИТАРНЫЕ БОЛЕЗНИ', 'ИНФЕКЦИОННАЯ БОЛЕЗНЬ']
РИСОВАЛЬЩИК	["2720-N", "8848-N", "113185-N"]	['АВТОР', 'ДЕЯТЕЛЬ ИСКУССТВА', 'ХУДОЖНИК (АВТОР ИЗОБРАЗИТЕЛЬНОГО ПРОИЗВЕДЕНИЯ)']
РИСОВАЛЬЩИК	["110091-N", "150555-N"]	['ЛЮБИТЕЛЬ (ИМЕЮЩИЙ СКЛОННОСТЬ)', 'ЧЕЛОВЕК ПО СФЕРЕ ДЕЯТЕЛЬНОСТИ']
РИФ	["152793-N", "107558-N", "141136-N"]	['ПРИРОДНОЕ ВОЗВЫШЕНИЕ', 'ВОЗВЫШЕНИЕ, ВОЗВЫШЕННОЕ МЕСТО', 'ПРИРОДНЫЙ ОБЪЕКТ']
РОГОЗ	["143505-N", "108531-N"]	['СЕМЕЙСТВО ОСОКОВЫЕ', 'ТРОСТНИК']
РОЗАРИЙ	["2594-N", "2593-N"]	['ЗЕМЕЛЬНЫЙ УЧАСТОК', 'САД (УЧАСТОК ЗЕМЛИ)']
РОСЯНКА	["144172-N", "4789-N"]	['РАСТЕНИЕ', 'ТРАВЯНИСТОЕ РАСТЕНИЕ']
РУБИДИЙ	["97-N", "145367-N"]	['МЕТАЛЛ', 'РЕДКИЕ МЕТАЛЛЫ']
РУБИДИЙ	["2868-N", "9708-N", "3835-N"]	['ХИМИЧЕСКИЙ ЭЛЕМЕНТ', 'ЩЕЛОЧНЫЕ МЕТАЛЛЫ', 'ЛЕГКИЕ МЕТАЛЛЫ']
РУКОМОЙНИК	["132526-N", "6033-N", "5693-N"]	['САНИТАРНО-КЕРАМИЧЕСКОЕ ИЗДЕЛИЕ', 'УМЫВАЛЬНИК', 'САНИТАРНО-ТЕХНИЧЕСКОЕ ОБОРУДОВАНИЕ']
РУМБ	["107132-N", "120286-N"]	['УЧАСТОК, ОТРЕЗОК, КУСОК (ЧАСТЬ РАССТОЯНИЯ)', 'ДЕЛЕНИЕ ШКАЛЫ']
РЫБОВОД	["2550-N", "343-N"]	['РАБОТНИК', 'СЕЛЬСКОХОЗЯЙСТВЕННЫЙ РАБОТНИК']
РЯБИНОВКА	["113584-N", "548-N"]	['НАСТОЙКА (АЛКОГОЛЬНЫЙ НАПИТОК)', 'АЛКОГОЛЬНЫЙ НАПИТОК']
САБЛИСТ	["9903-N", "1626-N"]	['ФЕХТОВАЛЬЩИК', 'СПОРТСМЕН']
САЖЕНЬ	["143050-N", "8646-N", "109697-N"]	['СТАРИННАЯ МЕРА', 'ЕДИНИЦА ИЗМЕРЕНИЯ', 'ЕДИНИЦА ДЛИНЫ']
САКЭ	["549-N", "142362-N", "548-N", "9419-N"]	['НАПИТОК', 'СПИРТОСОДЕРЖАЩАЯ ПРОДУКЦИЯ', 'АЛКОГОЛЬНЫЙ НАПИТОК', 'ОДУРМАНИВАЮЩЕЕ ВЕЩЕСТВО']
САМОЕД	["7678-N", "107940-N"]	['ОХОТНИЧЬЯ СОБАКА', 'ЛАЙКА (СОБАКА)']
САМОЕД	["5906-N"]	['СЛУЖЕБНАЯ СОБАКА']
САМОУЧИТЕЛЬ	["3790-N", "114478-N", "4136-N", "116116-N"]	['КНИГА (ИЗДАНИЕ)', 'УЧЕБНОЕ ПОСОБИЕ', 'УЧЕБНИК', 'РУКОВОДСТВО (УЧЕБНОЕ ПОСОБИЕ)']
САНАТОР	["138373-N", "1278-N"]	['КРЕДИТНАЯ ОРГАНИЗАЦИЯ', 'БАНК (ФИНАНСОВОЕ УЧРЕЖДЕНИЕ)']
САНПИН	["4208-N", "411-N", "3190-N"]	['НОРМАТИВНО-ТЕХНИЧЕСКАЯ ДОКУМЕНТАЦИЯ', 'НОРМАТИВНЫЙ АКТ', 'ТЕХНИЧЕСКАЯ ДОКУМЕНТАЦИЯ']
САРКОМА	["4392-N", "4391-N"]	['ОПУХОЛЬ', 'ЗЛОКАЧЕСТВЕННОЕ НОВООБРАЗОВАНИЕ']
САХАРНИЦА	["2513-N", "126833-N", "126802-N", "6398-N"]	['ПОСУДА', 'СТОЛОВАЯ ПОСУДА', 'ФАРФОРОВАЯ ПОСУДА', 'ФАРФОРОФАЯНСОВОЕ ИЗДЕЛИЕ']
СВЕТОМУЗЫКА	["4221-N", "107643-N", "107642-N"]	['ИСКУССТВЕННОЕ ОСВЕЩЕНИЕ', 'ОСВЕТИТЬ (СНАБДИТЬ СВЕТОМ)', 'ОСВЕЩЕНИЕ, СВЕТ ОТ ИСТОЧНИКА']
СВИРЕЛЬ	["109641-N", "7991-N", "1450-N"]	['ДУДКА', 'ДУХОВОЙ МУЗЫКАЛЬНЫЙ ИНСТРУМЕНТ', 'НАРОДНЫЙ ИНСТРУМЕНТ']
СВОП	["116305-N"]	['ОБМЕНЯТЬСЯ, ПРОИЗВЕСТИ ОБМЕН']
СВОП	["149610-N"]	['СРОЧНАЯ СДЕЛКА']
СВОЯЧЕНИЦА	["3231-N", "141020-N", "132893-N", "756-N"]	['РОДСТВЕННИК', 'РОДСТВЕННИК СУПРУГА', 'РОДСТВЕННИЦА', 'ЖЕНЩИНА, ЧЕЛОВЕК ЖЕНСКОГО ПОЛА']
СЕГВЕЙ	["169-N", "4420-N"]	['ТРАНСПОРТНОЕ СРЕДСТВО', 'ИНДИВИДУАЛЬНЫЙ ТРАНСПОРТ']
СЕЗОННОСТЬ	["139619-N", "119588-N"]	['НЕРАВНОМЕРНЫЙ', 'НЕПОСТОЯННЫЙ']
СЕЗОННОСТЬ	["137418-N", "106549-N"]	['ОБСТОЯТЕЛЬСТВО, ФАКТОР', 'СОБЫТИЕ, ФАКТ']
СЕКСТА	["118966-N", "110210-N"]	['РАЗЛИЧАТЬСЯ, РАЗЛИЧИЕ', 'МУЗЫКАЛЬНЫЙ ИНТЕРВАЛ']
СЕКЬЮРИТИЗАЦИЯ	["141973-N", "148929-N"]	['ПРИВЛЕЧЬ (ВКЛЮЧИТЬ, ИСПОЛЬЗОВАТЬ)', 'ПРИВЛЕЧЕНИЕ ДЕНЕЖНЫХ СРЕДСТВ']
СЕМИБОРЬЕ	["8138-N", "7966-N"]	['ВИД СПОРТА', 'ЛЕГКАЯ АТЛЕТИКА']
СЕНБЕРНАР	["4454-N", "7697-N", "5906-N"]	['СОБАКА', 'СПЕЦИАЛЬНЫЕ СРЕДСТВА', 'СЛУЖЕБНАЯ СОБАКА']
СЕРВИТУТ	["143178-N", "7692-N"]	['ИМУЩЕСТВЕННЫЕ ПРАВА', 'ВЕЩНОЕ ПРАВО']
СЕРПЕНТАРИЙ	["4337-N", "2530-N"]	['ПИТОМНИК', 'СЕЛЬСКОХОЗЯЙСТВЕННОЕ ПРЕДПРИЯТИЕ']
СЕРПЕНТАРИЙ	["111506-N", "106573-N"]	['ПОМЕЩЕНИЕ ДЛЯ ЖИВОТНЫХ', 'ПОМЕЩЕНИЕ, ВНУТРЕННОСТЬ ЗДАНИЯ']
СИБАРИТ	["111351-N", "111352-N"]	['ЛЕНТЯЙ', 'БЕЗДЕЛЬНИК']
СИЛОМЕР	["3648-N", "2489-N", "2754-N"]	['ИЗМЕРИТЕЛЬНЫЙ ПРИБОР', 'ИЗМЕРИТЕЛЬНОЕ ОБОРУДОВАНИЕ', 'ПРИБОР']
СИНТЕПОН	["6232-N", "919-N"]	['ХИМИЧЕСКАЯ ПРОДУКЦИЯ', 'СИНТЕТИЧЕСКИЕ МАТЕРИАЛЫ']
СИРИН	["128750-N", "963-N", "128751-N"]	['СКАЗОЧНАЯ ПТИЦА', 'ПТИЦА', 'СКАЗОЧНОЕ ЖИВОТНОЕ']
СКАНДИЙ	["2868-N"]	['ХИМИЧЕСКИЙ ЭЛЕМЕНТ']
СКАНДИЙ	["100-N", "259-N", "145367-N"]	['РЕДКОЗЕМЕЛЬНЫЕ МЕТАЛЛЫ', 'ЦВЕТНЫЕ МЕТАЛЛЫ', 'РЕДКИЕ МЕТАЛЛЫ']
СКЕЙТБОРДИСТ	["1626-N", "150555-N"]	['СПОРТСМЕН', 'ЧЕЛОВЕК ПО СФЕРЕ ДЕЯТЕЛЬНОСТИ']
СКИПИДАР	["6232-N"]	['ХИМИЧЕСКАЯ ПРОДУКЦИЯ']
СКИПИДАР	["820-N", "3675-N"]	['ВЕЩЕСТВО', 'ЖИДКОСТЬ']
СКИПИДАР	["9059-N"]	['ПРОДУКЦИЯ ДЕРЕВООБРАБОТКИ']
СКРАБ	["109170-N", "1254-N"]	['КОСМЕТИЧЕСКОЕ СРЕДСТВО', 'ПАРФЮМЕРНО-КОСМЕТИЧЕСКИЕ ТОВАРЫ']
СКУЛЬПТУРКА	["4908-N", "4741-N"]	['ПРОИЗВЕДЕНИЕ ИЗОБРАЗИТЕЛЬНОГО ИСКУССТВА', 'СКУЛЬПТУРНОЕ ПРОИЗВЕДЕНИЕ']
СЛЕПЕНЬ	["4203-N", "122221-N", "133570-N", "5654-N", "122222-N"]	['ВРЕДНОЕ НАСЕКОМОЕ', 'КРОВОСОСУЩЕЕ НАСЕКОМОЕ', 'ДВУКРЫЛОЕ НАСЕКОМОЕ', 'ГНУС', 'КРОВОСОС']
СЛИЗНЯК	["113347-N", "5579-N", "144174-N", "146129-N", "4202-N"]	['БЕСПОЗВОНОЧНОЕ ЖИВОТНОЕ', 'МОЛЛЮСК', 'ЖИВОТНОЕ', 'ВРЕДНЫЙ ОРГАНИЗМ', 'ВРЕДИТЕЛЬ РАСТЕНИЙ']
СЛОВЕСНИК	["1601-N", "1596-N"]	['ШКОЛЬНЫЙ УЧИТЕЛЬ', 'ПЕДАГОГИЧЕСКИЙ РАБОТНИК']
СЛЮДА	["3417-N", "109916-N"]	['МИНЕРАЛ', 'ПРИРОДНЫЙ СИЛИКАТ']
СМАЛЬТА	["137243-N", "109873-N"]	['СТЕКЛЯННОЕ ИЗДЕЛИЕ', 'ИЗДЕЛИЕ']
СНЕТОК	["9746-N", "502-N"]	['ПРЕСНОВОДНАЯ РЫБА', 'РЫБА']
СНОУКАЙТИНГ	["8138-N", "147123-N", "9844-N"]	['ВИД СПОРТА', 'ЭКСТРЕМАЛЬНЫЕ ВИДЫ СПОРТА', 'ЗИМНИЕ ВИДЫ СПОРТА']
СОБОРОВАНИЕ	["7552-N", "129246-N", "8031-N"]	['РЕЛИГИОЗНЫЙ ОБРЯД', 'ЦЕРКОВНОЕ ТАИНСТВО', 'ХРИСТИАНСКИЙ РЕЛИГИОЗНЫЙ ОБРЯД']
СОЗЕРЦАТЕЛЬ	["107483-N", "107001-N"]	['НАБЛЮДАТЕЛЬ', 'ОЧЕВИДЕЦ']
СОЛЕВАРНЯ	["3913-N", "57-N"]	['ПРЕДПРИЯТИЕ ПИЩЕВОЙ ПРОМЫШЛЕННОСТИ', 'ПРОМЫШЛЕННОЕ ПРЕДПРИЯТИЕ']
СОЛОНКА	["2513-N", "126833-N"]	['ПОСУДА', 'СТОЛОВАЯ ПОСУДА']
СОННИК	["3790-N", "149240-N", "2966-N"]	['КНИГА (ИЗДАНИЕ)', 'НЕПЕРИОДИЧЕСКИЕ ИЗДАНИЯ', 'ТЕКСТ']
СОРОКОНОЖКА	["113347-N", "107850-N"]	['БЕСПОЗВОНОЧНОЕ ЖИВОТНОЕ', 'ЧЛЕНИСТОНОГОЕ']
СОСНЯК	["9703-N", "258-N", "109104-N"]	['ХВОЙНЫЙ ЛЕС', 'ЛЕСНОЙ МАССИВ', 'РОЩА']
СОУЛ	["108333-N", "143709-N"]	['СТИЛЬ В ИСКУССТВЕ', 'МУЗЫКАЛЬНЫЙ СТИЛЬ']
СПАЗМОЛИТИК	["1068-N", "6514-N", "147742-N", "1067-N"]	['МЕДИЦИНСКАЯ ПРОДУКЦИЯ', 'ЛЕЧЕБНОЕ СРЕДСТВО', 'АПТЕЧНАЯ ПРОДУКЦИЯ', 'МЕДИКАМЕНТ']
СПЛАВЩИК	["110125-N", "2550-N"]	['РАБОЧИЙ, РАБОТНИК ФИЗИЧЕСКОГО ТРУДА', 'РАБОТНИК']
СПРАВОРОСС	["152714-N"]	['ЧЕЛОВЕК ПО РОЛИ']
СПРАВОРОСС	["125085-N", "6629-N"]	['ЧЛЕН ОРГАНИЗАЦИИ', 'ЧЛЕН ПАРТИИ']
СТАГФЛЯЦИЯ	["143193-N", "137916-N", "149862-N"]	['ЭКОНОМИЧЕСКОЕ ПОЛОЖЕНИЕ', 'ЗАСТОЙ В РАЗВИТИИ', 'ЭКОНОМИЧЕСКАЯ СТАГНАЦИЯ']
СТАГФЛЯЦИЯ	["2123-N", "126555-N"]	['ЭКОНОМИЧЕСКИЙ КРИЗИС', 'КРИЗИС, КРИЗИСНОЕ ЯВЛЕНИЕ']
СТАТОР	["107496-N", "106553-N", "106509-N"]	['ДЕТАЛЬ УСТРОЙСТВА', 'ПРИСПОСОБЛЕНИЕ, ИНСТРУМЕНТ', 'СОСТАВНАЯ ЧАСТЬ']
СТЕКОЛЬЩИК	["110125-N", "2550-N"]	['РАБОЧИЙ, РАБОТНИК ФИЗИЧЕСКОГО ТРУДА', 'РАБОТНИК']
СТЕП	["1457-N", "108179-N"]	['ХОРЕОГРАФИЧЕСКОЕ ИСКУССТВО', 'ТАНЕЦ']
СТЕЧКИН	["2783-N", "8516-N", "142521-N"]	['ПИСТОЛЕТ', 'АВТОМАТИЧЕСКОЕ ОРУЖИЕ', 'ПИСТОЛЕТ-ПУЛЕМЕТ']
СТИНГЕР	["7491-N", "7469-N", "4824-N", "7470-N"]	['РАКЕТНАЯ УСТАНОВКА', 'КОМПЛЕКС ПВО', 'ЗЕНИТНОЕ ВООРУЖЕНИЕ', 'ЗЕНИТНО-РАКЕТНЫЙ КОМПЛЕКС']
СТОИЦИЗМ	["121514-N", "119563-N", "132973-N"]	['УЧЕНИЕ (СОВОКУПНОСТЬ ТЕОРЕТИЧ. ПОЛОЖЕНИЙ)', 'МИРОВОЗЗРЕНИЕ', 'ФИЛОСОФСКОЕ УЧЕНИЕ']
СТРАТИФИКАЦИЯ	["139989-N", "5944-N", "121336-N"]	['СОЦИАЛЬНЫЙ ПРОЦЕСС', 'СОЦИАЛЬНАЯ ДИФФЕРЕНЦИАЦИЯ НАСЕЛЕНИЯ', 'ЧЛЕНИТЬСЯ']
СТРИП	["145804-N", "457-N"]	['ДЕНЕЖНАЯ ЦЕННАЯ БУМАГА', 'ЦЕННАЯ БУМАГА']
СТРОЙБАТ	["124282-N", "790-N"]	['ВООРУЖЕННОЕ ФОРМИРОВАНИЕ', 'ВОИНСКОЕ ПОДРАЗДЕЛЕНИЕ']
СТЯЖАТЕЛЬ	["111285-N", "111212-N", "150507-N"]	['ЖАДНЫЙ ЧЕЛОВЕК', 'ПЛОХОЙ ЧЕЛОВЕК', 'ЧЕЛОВЕК ПО ХАРАКТЕРУ']
СУКА	["4453-N", "4454-N", "934-N"]	['ДОМАШНЕЕ ЖИВОТНОЕ', 'СОБАКА', 'МЛЕКОПИТАЮЩЕЕ']
СУКА	["107861-N"]	['САМКА (ЖИВОТНОЕ)']
СУПЕРЛУНИЕ	["128005-N", "111-N"]	['КОСМИЧЕСКОЕ ЯВЛЕНИЕ', 'ПРИРОДНОЕ ЯВЛЕНИЕ']
СУПИНАТОР	["110289-N", "114513-N", "152751-N"]	['ПОДСТИЛКА (ПОДКЛАДКА)', 'СТЕЛЬКА', 'ДЕТАЛЬ ОБУВИ']
СУРЕПИЦА	["4057-N", "146236-N", "350-N"]	['ТЕХНИЧЕСКАЯ СЕЛЬСКОХОЗЯЙСТВЕННАЯ КУЛЬТУРА', 'ПИЩЕВОЕ СЫРЬЕ', 'МАСЛИЧНАЯ КУЛЬТУРА']
СУРЕПИЦА	["144172-N", "4789-N"]	['РАСТЕНИЕ', 'ТРАВЯНИСТОЕ РАСТЕНИЕ']
СУСПЕНЗИЯ	["109704-N", "115242-N"]	['СМЕСЬ (ВЕЩЕСТВО)', 'ВЗВЕСЬ']
СУСПЕНЗИЯ	["3675-N"]	['ЖИДКОСТЬ']
СУТЯЖНИЧЕСТВО	["112996-N", "112995-N"]	['ПРИСТРАСТИЕ (СИЛЬНАЯ СКЛОННОСТЬ)', 'СКЛОННОСТЬ (ПОСТОЯННОЕ ВЛЕЧЕНИЕ)']
СФИНКС	["115936-N"]	['ПОРОДА ЖИВОТНЫХ']
СФИНКС	["128752-N", "121129-N", "128751-N"]	['СКАЗОЧНОЕ ЧУДОВИЩЕ', 'УРОД, СТРАШИЛИЩЕ', 'СКАЗОЧНОЕ ЖИВОТНОЕ']
СФИНКС	["4453-N", "110841-N", "6804-N"]	['ДОМАШНЕЕ ЖИВОТНОЕ', 'КОШАЧЬИ', 'КОШКА']
СХОДНИ	["118265-N", "107176-N"]	['МОСТКИ (НАСТИЛ)', 'НАСТИЛ (ПОКРЫТИЕ)']
СЫРОВАР	["129959-N", "10029-N"]	['РАБОТНИК ПРОМЫШЛЕННОСТИ', 'РАБОТНИК ПИЩЕВОЙ ПРОМЫШЛЕННОСТИ']
СЫРОДЕЛИЕ	["106493-N", "106495-N"]	['СОЗДАТЬ (СДЕЛАТЬ СУЩЕСТВУЮЩИМ)', 'ИЗГОТОВИТЬ, ВЫРАБОТАТЬ']
СЫРОДЕЛИЕ	["146401-N", "146166-N"]	['ПЕРЕРАБОТКА ПИЩЕВОГО СЫРЬЯ', 'ПЕРЕРАБОТКА МОЛОКА']
ТАБАКОВОДСТВО	["5903-N", "322-N"]	['ПОЛЕВОДСТВО', 'РАСТЕНИЕВОДСТВО']
ТАЙМЕНЬ	["6375-N", "4932-N"]	['АНАДРОМНЫЕ РЫБЫ', 'ЛОСОСЕВЫЕ РЫБЫ']
ТАКСИДЕРМИСТ	["2550-N", "111238-N"]	['РАБОТНИК', 'МАСТЕР (КВАЛИФИЦИРОВАННЫЙ РАБОТНИК)']
ТАЛЬ	["2316-N", "106555-N", "2320-N"]	['ТРАНСПОРТНОЕ ОБОРУДОВАНИЕ', 'ТЕХНИЧЕСКОЕ УСТРОЙСТВО', 'ПОДЪЕМНО-ТРАНСПОРТНОЕ ОБОРУДОВАНИЕ']
ТАНКОСТРОЕНИЕ	["467-N", "145162-N", "1689-N"]	['ПРОМЫШЛЕННОЕ ПРОИЗВОДСТВО', 'ВОЕННОЕ ПРОИЗВОДСТВО', 'ПРОИЗВОДСТВО ВООРУЖЕНИЙ']
ТАРАНТЕЛЛА	["108179-N", "1448-N", "8082-N"]	['ТАНЕЦ', 'НАРОДНОЕ ТВОРЧЕСТВО', 'НАРОДНЫЙ ТАНЕЦ']
ТАТУАЖ	["107182-N", "121549-N"]	['ИЗОБРАЖЕНИЕ (РЕЗУЛЬТАТ)', 'ТАТУИРОВКА (ВЫТАТУИРОВАННЫЙ УЗОР)']
ТВИТ	["107257-N", "112114-N", "154750-N"]	['ВЫСКАЗЫВАНИЕ (ТО, ЧТО ВЫСКАЗАНО)', 'ЗАПИСЬ (ТО, ЧТО ЗАПИСАНО)', 'ПОСТ В БЛОГЕ']
ТЕЗОИМЕНИТСТВО	["120448-N", "112880-N"]	['ИМЕНИНЫ', 'ХРИСТИАНСКИЙ ПРАЗДНИК']
ТЕЛЕКИНЕЗ	["135691-N", "143955-N", "106915-N"]	['ЭКСТРАСЕНСОРНОЕ ВОСПРИЯТИЕ', 'ПАРАНОРМАЛЬНОЕ ЯВЛЕНИЕ', 'ОЩУЩАТЬ, ВОСПРИНИМАТЬ']
ТЕЛЕСА	["150414-N", "107728-N"]	['БИОЛОГИЧЕСКАЯ СУЩНОСТЬ', 'ТЕЛО ЧЕЛОВЕКА, ЖИВОТНОГО']
ТЕЛЕТРАП	["106451-N", "107091-N"]	['МЕСТО В ПРОСТРАНСТВЕ', 'ПРОХОД, МЕСТО ПРОХОДА']
ТЕРМИТ	["4609-N", "107850-N"]	['НАСЕКОМОЕ', 'ЧЛЕНИСТОНОГОЕ']
ТЕРРАКОТА	["6399-N", "109873-N"]	['КЕРАМИЧЕСКОЕ ИЗДЕЛИЕ', 'ИЗДЕЛИЕ']
ТЕФТЕЛИ	["108890-N", "107778-N"]	['ЕДА, ПИЩА', 'КУШАНЬЕ']
ТИПИЗАЦИЯ	["118456-N", "107129-N", "120139-N"]	['ПОДРАЗДЕЛИТЬ', 'СИСТЕМАТИЗИРОВАТЬ', 'КЛАССИФИЦИРОВАТЬ']
ТИРЕОТОКСИКОЗ	["9533-N", "616-N"]	['ЭНДОКРИННОЕ ЗАБОЛЕВАНИЕ', 'БОЛЕЗНЬ']
ТОЙОТА	["130434-N", "154-N"]	['АВТОМОБИЛЬ ИНОСТРАННОЙ МАРКИ', 'АВТОМОБИЛЬ']
ТОЙОТА	["8217-N", "138593-N"]	['ТОРГОВАЯ МАРКА', 'МАРКА АВТОМОБИЛЯ']
ТОЛЬ	["133030-N", "123606-N"]	['РУЛОННЫЙ МАТЕРИАЛ', 'РУЛОН']
ТОЛЬ	["5503-N", "132508-N"]	['КРОВЕЛЬНЫЙ МАТЕРИАЛ', 'МЯГКИЙ КРОВЕЛЬНЫЙ МАТЕРИАЛ']
ТОПОРИЩЕ	["113344-N", "116485-N"]	['РУКОЯТКА ОРУЖИЯ, ИНСТРУМЕНТА', 'ЧЕРЕНОК (РУКОЯТКА)']
ТОРПЕДОНОСЕЦ	["112160-N", "7378-N"]	['БОЕВОЙ САМОЛЕТ', 'БОМБАРДИРОВЩИК']
ТОРПЕДОНОСЕЦ	["148328-N"]	['ВОЕННЫЙ КАТЕР']
ТОРПЕДОНОСЕЦ	["146000-N", "6615-N", "7832-N", "7577-N"]	['БОЕВОЙ КОРАБЛЬ', 'НАДВОДНОЕ СУДНО', 'ПРОТИВОЛОДОЧНЫЙ КОРАБЛЬ', 'ПРОТИВОЛОДОЧНЫЕ СРЕДСТВА']
ТОЧМАШ	["516-N", "469-N"]	['ПРИБОРОСТРОИТЕЛЬНАЯ ПРОМЫШЛЕННОСТЬ', 'МАШИНОСТРОЕНИЕ']
ТРАВЕСТИ	["125003-N", "125002-N"]	['АМПЛУА АКТЕРА', 'АКТЕРСКАЯ РОЛЬ']
ТРАНЗИТНИК	["113128-N", "176-N"]	['ПУТЕШЕСТВЕННИК', 'ПАССАЖИР']
ТРАНСИВЕР	["510-N", "149201-N"]	['ЭЛЕКТРОННОЕ ОБОРУДОВАНИЕ', 'ИНЖЕНЕРНОЕ ОБОРУДОВАНИЕ']
ТРАХОМА	["2046-N", "1054-N"]	['ВИРУСНАЯ БОЛЕЗНЬ', 'ИНФЕКЦИОННАЯ БОЛЕЗНЬ']
ТРАХОМА	["124150-N", "6961-N", "616-N"]	['ГЛАЗНАЯ БОЛЕЗНЬ', 'НАРУШЕНИЕ ЗРЕНИЯ', 'БОЛЕЗНЬ']
ТРЕПАК	["108179-N", "1448-N", "8082-N"]	['ТАНЕЦ', 'НАРОДНОЕ ТВОРЧЕСТВО', 'НАРОДНЫЙ ТАНЕЦ']
ТРИГОНОМЕТРИЯ	["20-N", "31-N"]	['НАУКА', 'МАТЕМАТИЧЕСКИЕ НАУКИ']
ТРИТИЙ	["6015-N", "9344-N"]	['ИЗОТОП', 'АТОМ']
ТРИТИЙ	["903-N", "131273-N", "461-N"]	['ВОДОРОД', 'НЕМЕТАЛЛЫ', 'ГАЗООБРАЗНОЕ ВЕЩЕСТВО']
ТРОЕБОРЕЦ	["1626-N", "150555-N"]	['СПОРТСМЕН', 'ЧЕЛОВЕК ПО СФЕРЕ ДЕЯТЕЛЬНОСТИ']
ТРОПОСФЕРА	["152745-N", "107193-N"]	['СЛОЙ АТМОСФЕРЫ', 'СЛОЙ (ПЛОСКАЯ ЧАСТЬ)']
ТРЮМО	["9059-N", "110968-N", "130019-N", "146828-N", "1253-N", "106554-N"]	['ПРОДУКЦИЯ ДЕРЕВООБРАБОТКИ', 'ЗЕРКАЛО (ПРЕДМЕТ)', 'НЕПРОДОВОЛЬСТВЕННЫЕ ТОВАРЫ', 'ПРЕДМЕТ ИНТЕРЬЕРА', 'МЕБЕЛЬ', 'ПРЕДМЕТ, ВЕЩЬ']
ТУЖУРКА	["4024-N", "108048-N"]	['ВЕРХНЯЯ ОДЕЖДА', 'КУРТКА']
ТУТОВНИК	["988-N", "144309-N", "107956-N"]	['ДРЕВЕСНОЕ РАСТЕНИЕ', 'ПЛОДОВО-ЯГОДНАЯ КУЛЬТУРА', 'ПЛОДОВОЕ ДЕРЕВО']
ТУТОВНИК	["107871-N", "107842-N", "144341-N"]	['ПЛОД РАСТЕНИЯ', 'ЯГОДА', 'ПЛОДОВО-ЯГОДНАЯ ПРОДУКЦИЯ']
ТХЭКВОНДИСТ	["1626-N", "112758-N"]	['СПОРТСМЕН', 'БОРЕЦ (СПОРТСМЕН)']
ТЮЛЬКА	["9144-N", "5973-N"]	['МОРСКАЯ РЫБА', 'СЕЛЬДЬ']
УКЛАДЧИК	["106553-N", "106555-N"]	['ПРИСПОСОБЛЕНИЕ, ИНСТРУМЕНТ', 'ТЕХНИЧЕСКОЕ УСТРОЙСТВО']
УКЛАДЧИК	["152714-N"]	['ЧЕЛОВЕК ПО РОЛИ']
УКЛАДЧИК	["2550-N"]	['РАБОТНИК']
УКОС	["2116-N", "2704-N"]	['ЭКОНОМИЧЕСКИЙ ПОКАЗАТЕЛЬ', 'СЕЛЬСКОХОЗЯЙСТВЕННЫЙ ПОКАЗАТЕЛЬ']
УНИАТ	["4544-N", "4474-N"]	['ХРИСТИАНИН', 'ВЕРУЮЩИЙ']
УРЮК	["7519-N", "141032-N", "368-N", "4681-N"]	['СУХОФРУКТ', 'СУШЕНЫЕ ПРОДУКТЫ', 'ПРОДУКТЫ ПИТАНИЯ', 'ПЛОДООВОЩНАЯ ПРОДУКЦИЯ']
ФАКТОРИНГ	["1317-N", "135045-N"]	['ФИНАНСОВАЯ ОПЕРАЦИЯ', 'ОПЕРАЦИЯ (ОТДЕЛЬНОЕ ДЕЙСТВИЕ)']
ФАКТОРИНГ	["1245-N", "149747-N", "133204-N", "7064-N"]	['ПОСРЕДНИЧЕСКАЯ ДЕЯТЕЛЬНОСТЬ', 'ФИНАНСОВЫЕ УСЛУГИ', 'ФИНАНСОВОЕ ПОСРЕДНИЧЕСТВО', 'ПРЕДОСТАВЛЕНИЕ УСЛУГ']
ФАКТОРИНГ	["150775-N", "1322-N"]	['ФОРМЫ КРЕДИТОВ', 'КРЕДИТ (ПРЕДОСТАВЛЕНИЕ В ДОЛГ)']
ФАМИЛЬЯРНОСТЬ	["118974-N", "118973-N"]	['РАЗВЯЗНЫЙ', 'БЕСЦЕРЕМОННЫЙ']
ФАМИЛЬЯРНОСТЬ	["119340-N", "125284-N"]	['НЕПРИНУЖДЕННЫЙ', 'НАТУРАЛЬНЫЙ, ЕСТЕСТВЕННЫЙ, НЕПРИТВОРНЫЙ']
ФАСТБЭК	["126573-N", "107072-N"]	['КУЗОВ АВТОМОБИЛЯ', 'КОРПУС ИЗДЕЛИЯ']
ФЕДЕРАЛИЗАЦИЯ	["601-N", "7936-N", "1473-N"]	['ГОСУДАРСТВЕННАЯ ПОЛИТИКА', 'РЕФОРМА', 'ПОЛИТИЧЕСКАЯ РЕФОРМА']
ФЕЛЬЕТОНИСТ	["2720-N", "110436-N", "1578-N"]	['АВТОР', 'САТИРИК', 'ПИСАТЕЛЬ']
ФЕНИЛКЕТОНУРИЯ	["9533-N", "111475-N", "136609-N"]	['ЭНДОКРИННОЕ ЗАБОЛЕВАНИЕ', 'НАРУШЕНИЕ ОБМЕНА ВЕЩЕСТВ', 'ДИСФУНКЦИЯ ОРГАНОВ']
ФЕНИЛКЕТОНУРИЯ	["5802-N", "141543-N"]	['УМСТВЕННАЯ ОТСТАЛОСТЬ', 'СЛАБОУМИЕ']
ФЕНИЛКЕТОНУРИЯ	["8658-N", "6481-N"]	['НАСЛЕДСТВЕННОЕ ЗАБОЛЕВАНИЕ', 'ВРОЖДЕННОЕ ЗАБОЛЕВАНИЕ']
ФИАНИТ	["109626-N", "109627-N"]	['КРИСТАЛЛ', 'ТВЕРДОЕ ТЕЛО']
ФИАНИТ	["6232-N", "919-N"]	['ХИМИЧЕСКАЯ ПРОДУКЦИЯ', 'СИНТЕТИЧЕСКИЕ МАТЕРИАЛЫ']
ФИЗТЕХ	["1618-N", "2041-N", "113986-N", "133870-N", "764-N"]	['УНИВЕРСИТЕТ', 'БЮДЖЕТНАЯ ОРГАНИЗАЦИЯ', 'УЧЕБНЫЙ ИНСТИТУТ', 'ГОСУДАРСТВЕННОЕ ВЫСШЕЕ УЧЕБНОЕ ЗАВЕДЕНИЕ', 'ВЫСШЕЕ УЧЕБНОЕ ЗАВЕДЕНИЕ']
ФИНВАЛ	["5062-N", "5122-N"]	['КИТ', 'МОРСКОЕ МЛЕКОПИТАЮЩЕЕ']
ФИСКАЛИЗАЦИЯ	["152808-N", "114786-N", "124842-N"]	['ФИКСИРОВАТЬ НА БУМАГЕ, ИЗОБРАЖЕНИИ', 'ВНЕСТИ (ВКЛЮЧИТЬ, ДОБАВИТЬ)', 'ЗАПИСАТЬ, ВНЕСТИ В СПИСОК']
ФИТОФТОРА	["116866-N", "616-N"]	['БОЛЕЗНЬ РАСТЕНИЙ', 'БОЛЕЗНЬ']
ФЛЕГМАТИК	["2149-N", "150507-N"]	['ЧЕЛОВЕК', 'ЧЕЛОВЕК ПО ХАРАКТЕРУ']
ФЛОКС	["965-N"]	['ЦВЕТКОВОЕ РАСТЕНИЕ']
ФЛОКС	["6862-N", "4789-N"]	['МНОГОЛЕТНИЕ ТРАВЫ', 'ТРАВЯНИСТОЕ РАСТЕНИЕ']
ФЛОКС	["6883-N"]	['ДЕКОРАТИВНАЯ КУЛЬТУРА']
ФЛУКТУАЦИЯ	["106587-N", "118072-N", "107513-N", "119796-N"]	['ДВИЖЕНИЕ, ПЕРЕМЕЩЕНИЕ', 'СДВИНУТЬСЯ С МЕСТА', 'КОЛЕБАТЕЛЬНОЕ ДВИЖЕНИЕ', 'ОТКЛОНИТЬСЯ, СМЕСТИТЬСЯ В СТОРОНУ']
ФОКСТЕРЬЕР	["7678-N", "4454-N", "108524-N"]	['ОХОТНИЧЬЯ СОБАКА', 'СОБАКА', 'ТЕРЬЕР']
ФОРЗАЦ	["113869-N", "111708-N"]	['СТРАНИЦА КНИГИ, ТЕТРАДИ', 'ЛИСТ БУМАГИ']
ФОРМОВАНИЕ	["106493-N", "106495-N"]	['СОЗДАТЬ (СДЕЛАТЬ СУЩЕСТВУЮЩИМ)', 'ИЗГОТОВИТЬ, ВЫРАБОТАТЬ']
ФОРМОВАНИЕ	["106631-N"]	['ИЗМЕНИТЬ, СДЕЛАТЬ ИНЫМ']
ФОРУМЧАНИН	["106498-N", "136237-N"]	['ПОЛЬЗОВАТЕЛЬ', 'ПОЛЬЗОВАТЕЛЬ ИНТЕРНЕТА']
ФОСФОГИПС	["139406-N", "10108-N"]	['ГИПСОВЫЕ МАТЕРИАЛЫ', 'НЕОРГАНИЧЕСКОЕ ВЕЩЕСТВО']
ФОСФОГИПС	["152944-N", "106507-N"]	['ПОБОЧНЫЙ ПРОДУКТ', 'ПРОДУКТ ПРОИЗВОДСТВА']
ФРАМУГА	["121286-N", "121448-N"]	['ФОРТОЧКА', 'ДВЕРЦА (СТВОРКА)']
ФРЕКИНГ	["149096-N", "112640-N"]	['НЕФТЕГАЗОВАЯ ДОБЫЧА', 'ДОБЫЧА ПОЛЕЗНЫХ ИСКОПАЕМЫХ']
ФРИСТАЙЛЕР	["1626-N", "111211-N", "113437-N"]	['СПОРТСМЕН', 'ЛЫЖНИК', 'ГОРНОЛЫЖНИК']
ФТОРИРОВАНИЕ	["139819-N", "111983-N", "115570-N"]	['НАСЫТИТЬ (УВЕЛИЧИТЬ КОНЦЕНТРАЦИЮ)', 'ДОБАВИТЬ', 'ОБОГАЩЕНИЕ МАТЕРИАЛА, ПРОДУКТА']
ФУЗАРИОЗ	["116866-N", "616-N"]	['БОЛЕЗНЬ РАСТЕНИЙ', 'БОЛЕЗНЬ']
ФУНКЦИОНАЛИЗМ	["8053-N"]	['НАУЧНАЯ ШКОЛА']
ФУНКЦИОНАЛИЗМ	["108333-N", "135498-N"]	['СТИЛЬ В ИСКУССТВЕ', 'АРХИТЕКТУРНЫЙ СТИЛЬ']
ФЭНТЕЗИ	["113457-N", "2155-N"]	['ФАНТАСТИКА (ЛИТЕРАТУРНОЕ ПРОИЗВЕДЕНИЕ)', 'ХУДОЖЕСТВЕННАЯ ЛИТЕРАТУРА']
ХАЛЯЛЬ	["107692-N", "107138-N", "107175-N"]	['ДАТЬ ВОЗМОЖНОСТЬ, ПОЗВОЛИТЬ', 'СОГЛАСИТЬСЯ, ДАТЬ СОГЛАСИЕ', 'РАЗРЕШИТЬ, ПОЗВОЛИТЬ']
ХАРЧО	["107778-N", "6022-N"]	['КУШАНЬЕ', 'СУП']
ХЕК	["9355-N", "9144-N", "502-N"]	['МОРСКОЕ ЖИВОТНОЕ', 'МОРСКАЯ РЫБА', 'РЫБА']
ХИМЛАБОРАТОРИЯ	["141205-N", "115143-N"]	['СТРУКТУРНОЕ ПОДРАЗДЕЛЕНИЕ', 'ЛАБОРАТОРИЯ (ИССЛЕДОВАТЕЛЬСКОЕ УЧРЕЖДЕНИЕ,ОТДЕЛ)']
ХИНА	["107267-N", "820-N", "135809-N", "5992-N"]	['ПОРОШОК', 'ВЕЩЕСТВО', 'АЛКАЛОИДЫ (ОРГАНИЧЕСКИЕ ВЕЩЕСТВА)', 'ОРГАНИЧЕСКОЕ ВЕЩЕСТВО']
ХЛАМИДИОЗ	["131263-N", "1054-N"]	['ЗАБОЛЕВАНИЕ, ПЕРЕДАВАЕМОЕ ПОЛОВЫМ ПУТЕМ', 'ИНФЕКЦИОННАЯ БОЛЕЗНЬ']
ХЛАМИДИОЗ	["131266-N", "10209-N", "616-N", "146540-N"]	['БОЛЕЗНИ МОЧЕПОЛОВОЙ СИСТЕМЫ', 'ГИНЕКОЛОГИЧЕСКАЯ ПАТОЛОГИЯ', 'БОЛЕЗНЬ', 'ЖЕНСКАЯ БОЛЕЗНЬ']
ХЛОПУШКА	["106553-N", "1320-N", "106555-N"]	['ПРИСПОСОБЛЕНИЕ, ИНСТРУМЕНТ', 'ОБОРУДОВАНИЕ', 'ТЕХНИЧЕСКОЕ УСТРОЙСТВО']
ХЛОПУШКА	["107309-N", "137992-N"]	['ПЛАСТИНА', 'ТАБЛИЧКА С НАДПИСЬЮ']
ХЛОРИРОВАНИЕ	["144157-N", "9880-N", "1052-N"]	['ОЧИСТКА ОТ ВРЕДНЫХ ВЕЩЕСТВ', 'ДЕЗИНФЕКЦИЯ', 'САНИТАРНАЯ ОБРАБОТКА']
ХМЕЛЕВОДСТВО	["5903-N", "322-N"]	['ПОЛЕВОДСТВО', 'РАСТЕНИЕВОДСТВО']
ХОЛЕРИК	["2149-N", "150507-N"]	['ЧЕЛОВЕК', 'ЧЕЛОВЕК ПО ХАРАКТЕРУ']
ХРУЩ	["4609-N", "107768-N"]	['НАСЕКОМОЕ', 'ЖУК (НАСЕКОМОЕ)']
ХРУЩ	["146129-N", "144174-N", "4202-N"]	['ВРЕДНЫЙ ОРГАНИЗМ', 'ЖИВОТНОЕ', 'ВРЕДИТЕЛЬ РАСТЕНИЙ']
ХУТОРЯНИН	["1923-N", "369-N"]	['СЕЛЬСКОЕ НАСЕЛЕНИЕ', 'НАСЕЛЕНИЕ']
ЦЕЛЕУКАЗАТЕЛЬ	["107496-N", "8022-N"]	['ДЕТАЛЬ УСТРОЙСТВА', 'ПРИЦЕЛ']
ЦЕНТРОВКА	["106709-N", "106710-N"]	['УЗНАТЬ, ПОЛУЧИТЬ СВЕДЕНИЯ', 'ОПРЕДЕЛИТЬ, ВЫЯСНИТЬ']
ЦЕРЕМОНИЙМЕЙСТЕР	["138167-N", "128478-N", "2550-N", "152714-N", "126058-N", "123594-N", "2149-N"]	['СУБЪЕКТ ДЕЯТЕЛЬНОСТИ', 'ШОУМЕН', 'РАБОТНИК', 'ЧЕЛОВЕК ПО РОЛИ', 'ВЕДУЩИЙ МЕРОПРИЯТИЯ', 'РАСПОРЯДИТЕЛЬ', 'ЧЕЛОВЕК']
ЦИКАДА	["4609-N", "4203-N", "146129-N"]	['НАСЕКОМОЕ', 'ВРЕДНОЕ НАСЕКОМОЕ', 'ВРЕДНЫЙ ОРГАНИЗМ']
ЦИМБАЛИСТ	["1413-N", "1431-N", "6499-N"]	['АРТИСТ', 'МУЗЫКАНТ', 'МУЗЫКАНТ-ИСПОЛНИТЕЛЬ']
ЧАВКАНЬЕ	["114103-N", "107093-N"]	['ИЗДАВАТЬ, ИСПУСКАТЬ', 'ИЗДАТЬ ЗВУК']
ЧАСОСЛОВ	["114322-N", "2372-N", "3790-N"]	['БОГОСЛУЖЕБНАЯ КНИГА', 'РЕЛИГИОЗНАЯ ЛИТЕРАТУРА', 'КНИГА (ИЗДАНИЕ)']
ЧАХОТКА	["4658-N", "1054-N", "4727-N"]	['СОЦИАЛЬНО-ОПАСНОЕ ЗАБОЛЕВАНИЕ', 'ИНФЕКЦИОННАЯ БОЛЕЗНЬ', 'ТУБЕРКУЛЕЗ']
ЧАХОТКА	["9462-N", "145294-N"]	['БОЛЕЗНИ ОРГАНОВ ДЫХАНИЯ', 'БОЛЕЗНЬ ЛЕГКИХ']
ЧЕПЕЦ	["3510-N", "108091-N", "108795-N"]	['ГОЛОВНОЙ УБОР', 'ЖЕНСКАЯ ОДЕЖДА', 'ЖЕНСКИЙ ГОЛОВНОЙ УБОР']
ЧЕПЕЦ	["2176-N"]	['ДЕТСКАЯ ОДЕЖДА']
ЧЕРЕПОК	["107217-N", "107131-N"]	['ОБЛОМОК (КУСОК)', 'КУСОК (ОТДЕЛЬНАЯ ЧАСТЬ)']
ЧЕРЛИДЕРША	["1626-N", "150555-N"]	['СПОРТСМЕН', 'ЧЕЛОВЕК ПО СФЕРЕ ДЕЯТЕЛЬНОСТИ']
ЧЕЧЕТ	["107876-N", "144174-N"]	['САМЕЦ (ЖИВОТНОЕ)', 'ЖИВОТНОЕ']
ЧЕЧЕТ	["5681-N"]	['ДИКАЯ ПТИЦА']
ЧИЖИК	["963-N", "144174-N"]	['ПТИЦА', 'ЖИВОТНОЕ']
ЧИРЛИДЕРША	["1626-N", "150555-N"]	['СПОРТСМЕН', 'ЧЕЛОВЕК ПО СФЕРЕ ДЕЯТЕЛЬНОСТИ']
ЧИСТИК	["9355-N", "9357-N", "5349-N"]	['МОРСКОЕ ЖИВОТНОЕ', 'МОРСКАЯ ПТИЦА', 'ВОДОПЛАВАЮЩАЯ ПТИЦА']
ЧУБ	["108783-N", "121266-N"]	['ПРЯДЬ ВОЛОС', 'ПУК, ПУЧОК']
ЧУМКА	["2046-N", "1054-N"]	['ВИРУСНАЯ БОЛЕЗНЬ', 'ИНФЕКЦИОННАЯ БОЛЕЗНЬ']
ЧУМКА	["616-N", "2143-N"]	['БОЛЕЗНЬ', 'БОЛЕЗНЬ ЖИВОТНОГО']
ШАЛОПАЙ	["111351-N", "111352-N"]	['ЛЕНТЯЙ', 'БЕЗДЕЛЬНИК']
ШАШИСТ	["1626-N", "150555-N"]	['СПОРТСМЕН', 'ЧЕЛОВЕК ПО СФЕРЕ ДЕЯТЕЛЬНОСТИ']
ШАШИСТ	["106857-N", "110092-N", "135736-N"]	['УЧАСТНИК', 'ИГРОК, УЧАСТНИК ИГРЫ', 'СТОРОНА (ГРУППА ЛИЦ)']
ШЕЛКОВОДСТВО	["2043-N", "133163-N", "52-N"]	['ОТРАСЛЬ ЭКОНОМИКИ', 'ОТРАСЛЬ, ПРОИЗВОДЯЩАЯ ТОВАРЫ', 'СЕЛЬСКОЕ ХОЗЯЙСТВО']
ШЕСТИЛЕТИЕ	["106731-N"]	['ПЕРИОД ВРЕМЕНИ']
ШЕСТИЛЕТИЕ	["6950-N", "125912-N"]	['ПАМЯТНАЯ ДАТА', 'ГОДОВЩИНА (КАЛЕНДАРНАЯ ДАТА)']
ШИНОМОНТАЖНИК	["134745-N", "110149-N"]	['АВТОМЕХАНИК', 'МЕХАНИК (РАБОТНИК)']
ШИРИНКА	["106509-N", "133133-N", "147133-N"]	['СОСТАВНАЯ ЧАСТЬ', 'ДЕТАЛЬ ОДЕЖДЫ', 'ФИЗИЧЕСКИЙ ОБЪЕКТ']
ШЛАКОБЛОК	["147491-N", "61-N"]	['СТРОИТЕЛЬНЫЙ БЛОК', 'СТРОИТЕЛЬНЫЕ МАТЕРИАЛЫ']
ШЛЕМОФОН	["2563-N", "144127-N"]	['ТЕЛЕФОННОЕ ОБОРУДОВАНИЕ', 'ТЕЛЕКОММУНИКАЦИОННОЕ ОБОРУДОВАНИЕ']
ШЛЕМОФОН	["108326-N", "108324-N"]	['ШЛЕМ (ГОЛОВНОЙ УБОР)', 'ЗАЩИТНЫЙ ГОЛОВНОЙ УБОР']
ШОМПОЛ	["107233-N", "106554-N"]	['СТЕРЖЕНЬ (ПРЕДМЕТ)', 'ПРЕДМЕТ, ВЕЩЬ']
ШПАЖКА	["148232-N", "111779-N"]	['СЕРВИРОВОЧНЫЙ ПРИБОР', 'КУХОННАЯ УТВАРЬ']
ШПАТЕЛЬ	["106553-N", "128509-N", "3203-N"]	['ПРИСПОСОБЛЕНИЕ, ИНСТРУМЕНТ', 'СТРОИТЕЛЬНЫЙ ИНСТРУМЕНТ', 'СТРОИТЕЛЬНОЕ ОБОРУДОВАНИЕ']
ШПАТЕЛЬ	["2977-N", "126891-N"]	['МЕДИЦИНСКОЕ ОБОРУДОВАНИЕ', 'МЕДИЦИНСКИЙ ИНСТРУМЕНТ']
ШПИЦ	["4454-N", "107743-N"]	['СОБАКА', 'КОМНАТНАЯ СОБАКА']
ШТАКЕТНИК	["107167-N", "107168-N"]	['ОГРАДА, ОГРАЖДЕНИЕ', 'ЗАБОР (ОГРАДА)']
ШТРЕЙКБРЕХЕР	["152714-N"]	['ЧЕЛОВЕК ПО РОЛИ']
ШТРЕЙКБРЕХЕР	["2550-N"]	['РАБОТНИК']
ШУНТ	["109910-N", "8151-N", "109912-N"]	['ОРГАН КРОВЕНОСНОЙ СИСТЕМЫ', 'КРОВЕНОСНЫЙ СОСУД', 'СОСУДЫ ОРГАНИЗМА']
ЩИТОВКА	["4203-N", "144174-N", "4609-N", "146129-N", "4202-N"]	['ВРЕДНОЕ НАСЕКОМОЕ', 'ЖИВОТНОЕ', 'НАСЕКОМОЕ', 'ВРЕДНЫЙ ОРГАНИЗМ', 'ВРЕДИТЕЛЬ РАСТЕНИЙ']
ЭКВАЙЕР	["138373-N", "1278-N"]	['КРЕДИТНАЯ ОРГАНИЗАЦИЯ', 'БАНК (ФИНАНСОВОЕ УЧРЕЖДЕНИЕ)']
ЭКЗОСКЕЛЕТ	["106553-N", "106555-N"]	['ПРИСПОСОБЛЕНИЕ, ИНСТРУМЕНТ', 'ТЕХНИЧЕСКОЕ УСТРОЙСТВО']
ЭКЗОСКЕЛЕТ	["106623-N", "107070-N"]	['ОПОРА, ОПОРНАЯ ЧАСТЬ', 'ОСТОВ, КАРКАС']
ЭКОНОМФАК	["764-N", "8355-N"]	['ВЫСШЕЕ УЧЕБНОЕ ЗАВЕДЕНИЕ', 'ФАКУЛЬТЕТ']
ЭКРАНОПЛАН	["145667-N", "211-N"]	['ВОЗДУШНЫЙ ЛЕТАТЕЛЬНЫЙ АППАРАТ', 'ЛЕТАТЕЛЬНЫЙ АППАРАТ']
ЭКСЛИБРИС	["124243-N", "107987-N"]	['ВИНЬЕТКА', 'УЗОР']
ЭЛАСТОМЕР	["108760-N", "3396-N"]	['ХИМИЧЕСКОЕ СОЕДИНЕНИЕ', 'ПОЛИМЕРНОЕ СОЕДИНЕНИЕ']
ЭЛЕФАНТИАЗ	["3406-N", "106567-N", "106665-N", "616-N"]	['ПОВРЕЖДЕНИЕ ЗДОРОВЬЯ', 'ФИЗИЧЕСКОЕ САМОЧУВСТВИЕ', 'НАРУШИТЬ СОСТОЯНИЕ, ХОД', 'БОЛЕЗНЬ']
ЭЛЕФАНТИАЗ	["106639-N"]	['УВЕЛИЧИТЬСЯ']
ЭМФИЗЕМА	["4392-N", "129363-N"]	['ОПУХОЛЬ', 'УПЛОТНЕНИЕ, МЕСТО УПЛОТНЕНИЯ']
ЭНУРЕЗ	["125011-N", "107586-N", "9528-N"]	['ФИЗИОЛОГИЧЕСКИЙ ПРОЦЕСС', 'СИМПТОМ (ВНЕШНИЙ ПРИЗНАК)', 'КЛИНИЧЕСКИЙ СИМПТОМ']
ЭНУРЕЗ	["121118-N", "152812-N"]	['МОЧЕВЫДЕЛЕНИЕ', 'ЕСТЕСТВЕННЫЕ ОТПРАВЛЕНИЯ']
ЭПИЛЕПСИЯ	["3949-N", "616-N"]	['ПСИХИЧЕСКОЕ ЗАБОЛЕВАНИЕ', 'БОЛЕЗНЬ']
ЭПОЛЕТ	["4023-N", "116800-N", "117165-N"]	['ПОГОН', 'НАШИВКА НА ОДЕЖДЕ', 'ЗНАК РАЗЛИЧИЯ']
ЭСКАРП	["107567-N", "107564-N"]	['ОТКОС (НАКЛОННАЯ ПОВЕРХНОСТЬ)', 'ОТКОС НАСЫПИ']
ЭСКАРП	["145447-N", "124419-N", "107170-N"]	['ОБОРОНИТЕЛЬНОЕ ЗАГРАЖДЕНИЕ', 'ВОЕННО-ИНЖЕНЕРНОЕ СООРУЖЕНИЕ', 'ЗАГРАЖДЕНИЕ (ПРЕПЯТСТВИЕ ДЛЯ ДВИЖЕНИЯ)']
ЭТИЛ	["109088-N", "126350-N"]	['ХИМИЧЕСКИЙ РАДИКАЛ', 'ИОН']
ЭТОЛОГИЯ	["32-N", "4525-N"]	['БИОЛОГИЯ', 'ЗООЛОГИЯ']
ЭЯКУЛЯЦИЯ	["125011-N", "143048-N"]	['ФИЗИОЛОГИЧЕСКИЙ ПРОЦЕСС', 'БИОЛОГИЧЕСКИЙ ПРОЦЕСС']
ЭЯКУЛЯЦИЯ	["129769-N", "110908-N"]	['ВЫДЕЛИТЬ ИЗ СОСТАВА', 'УДАЛИТЬ НАРУЖУ']
ЯГЕЛЬ	["108663-N", "108454-N"]	['ЛИШАЙНИК', 'СПОРОВОЕ РАСТЕНИЕ']
ЯПОНИСТ	["117552-N", "112105-N", "9223-N"]	['ВОСТОКОВЕД', 'ФИЛОЛОГ', 'ИСТОРИК']
ЯТАГАН	["108562-N", "146046-N", "146854-N"]	['КИНЖАЛ', 'НОЖ (ХОЛОДНОЕ ОРУЖИЕ)', 'КЛИНКОВОЕ ОРУЖИЕ']
